-- Auto-generated seed SQL
BEGIN;
TRUNCATE TABLE catalog_aliases, catalog_cook_methods, catalog_dietary_tags, catalog_allergens, catalog_foods, catalog_dimensions RESTART IDENTITY CASCADE;
INSERT INTO catalog_foods (id, name, name_en, category, image, texture, fatty, umami, acidity, sweetness, wateriness, aroma, best_for, advantage, disadvantage, vibe_note) VALUES
('salmon', '三文鱼', 'Salmon', '海鲜蛋白', 'https://img.icons8.com/stickers/200/000000/salmon-sushi.png', '丝滑', 9, 8, 2, 1, 4, 6, '寿司碗、轻食沙拉、拌饭和吐司', '口感高级、油脂饱满、鲜味稳定', '价格高、保鲜要求高', '适合提供顺滑油脂感和明显鲜味，是冷食里非常强势的主角食材。'),
('avocado', '牛油果', 'Avocado', '果脂类', 'https://img.icons8.com/stickers/200/000000/avocado.png', '绵密', 9, 6, 1, 1, 5, 4, '寿司碗、开放三明治、沙拉和酱泥', '容易买到，能补足丝滑感和油脂感', '海鲜鲜味弱，整体更偏植物清香', '很适合承担丝滑和丰润感，但无法完整复刻海产的咸鲜气质。'),
('egg', '鸡蛋', 'Egg', '日常蛋白', 'https://img.icons8.com/stickers/200/000000/egg.png', '软嫩', 5, 6, 1, 1, 5, 4, '早餐碗、三明治、盖饭和简易沙拉', '便宜、常见、烹饪门槛低', '风味更温和，视觉冲击力不如生鲜蛋白', '鸡蛋在居家替代里非常实用，能提供柔软口感和一定鲜味，但风格更家常。'),
('tofu', '豆腐', 'Tofu', '植物蛋白', 'https://img.icons8.com/stickers/200/000000/tofu.png', '软嫩', 2, 5, 1, 1, 7, 2, '拌饭、味噌汤、清淡炒菜和轻食碗', '低脂、健康、价格友好，适合大多数家庭常备', '油脂感不足，需要额外调味或酱汁辅助', '豆腐很擅长接住清淡和软嫩的部分，但不适合直接替代高油脂食材的满足感。'),
('milk', '牛奶', 'Milk', '乳制品', 'https://img.icons8.com/stickers/200/000000/milk-bottle.png', '顺滑', 6, 3, 3, 3, 8, 3, '拿铁、燕麦杯、奶油汤和基础烘焙', '适配范围广，是许多饮品和甜品的基础液体', '乳糖不耐受人群不友好', '牛奶偏中性、顺滑，适合作为液体基底。很多替代品都是在模仿它的顺口和乳感。'),
('yogurt', '酸奶', 'Yogurt', '乳制品', 'https://img.icons8.com/stickers/200/000000/yogurt.png', '浓稠', 5, 2, 8, 3, 5, 4, '冷饮、酱汁、隔夜燕麦和轻甜点', '浓稠度强，发酵感能让风味更立体', '酸度高，不适合所有咖啡和甜点场景', '酸奶比牛奶更有个性，适合替代质地，但会明显改变风味走向。'),
('chicken-breast', '鸡胸肉', 'Chicken Breast', '家常蛋白', 'https://img.icons8.com/stickers/200/000000/chicken-breast.png', '紧实', 2, 7, 1, 1, 4, 4, '健身沙拉、热碗饭、卷饼和三明治', '高蛋白、低脂、好获取', '如果处理不好容易偏柴，顺滑感不强', '鸡胸肉胜在实用和稳定，更像是功能型替代，而不是气质完全复刻。'),
('beef', '牛肉', 'Beef', '红肉蛋白', 'https://img.icons8.com/stickers/200/000000/steak.png', '紧实', 6, 9, 1, 1, 3, 7, '能量碗、热拌饭、意面和煎炒主菜', '鲜味很强，饱腹感和存在感都足', '价格偏高，整体调性更厚重', '牛肉在鲜味维度很强，适合作为强风味替代，但会把菜整体拉向更浓郁的方向。'),
('tuna', '金枪鱼', 'Tuna', '海鲜蛋白', 'https://placehold.co/200x200/F6EFE3/243127?text=Tuna', '紧实', 4, 8, 1, 1, 4, 6, '寿司碗、三明治夹馅、沙拉和蛋白碗', '鲜味强、蛋白高，很多冷食里都好替换', '油脂感不如三文鱼，口感更紧实', '金枪鱼更偏干净和利落，适合替代海鲜主角位，但整体风格更清爽。'),
('shrimp', '虾仁', 'Shrimp', '海鲜蛋白', 'https://placehold.co/200x200/F6EFE3/243127?text=Shrimp', '弹嫩', 2, 7, 1, 2, 5, 5, '轻食碗、意面、炒饭和快手沙拉', '熟制快、鲜味稳定、存在感明显', '油脂感弱，冷食时不够丝滑', '虾仁像一个更轻盈的海鲜替身，适合保住鲜味但不适合复刻油润感。'),
('pork', '猪肉', 'Pork', '家常蛋白', 'https://placehold.co/200x200/F6EFE3/243127?text=Pork', '紧实', 5, 7, 1, 1, 4, 5, '家常炒菜、盖饭、三明治和热食碗', '家用普适性高，兼顾鲜味和油脂', '风格偏厚重，不适合所有清爽场景', '猪肉比鸡胸更圆润，适合补足一点脂香，但整体气质会更家常。'),
('tempeh', '天贝', 'Tempeh', '植物蛋白', 'https://placehold.co/200x200/F6EFE3/243127?text=Tempeh', '紧实', 4, 6, 1, 1, 3, 5, '植物蛋白碗、卷饼、沙拉和热三明治', '蛋白密度高，咬感更接近肉类', '豆发酵风味明显，不一定适合所有人', '天贝比豆腐更像肉类替代，特别适合需要紧实口感的场景。'),
('chickpeas', '鹰嘴豆', 'Chickpeas', '植物蛋白', 'https://placehold.co/200x200/F6EFE3/243127?text=Chickpeas', '绵实', 2, 4, 1, 2, 3, 3, '沙拉、豆泥酱、烤碗和植物蛋白拼盘', '便于储存，饱腹感强，适合做豆泥和烤豆', '鲜味和油脂感都偏弱，需要调味支持', '鹰嘴豆更像是温和稳妥的结构型替代，适合撑起体积和绵密感。'),
('oat-milk', '燕麦奶', 'Oat Milk', '植物奶', 'https://placehold.co/200x200/F6EFE3/243127?text=Oat+Milk', '顺滑', 4, 1, 2, 4, 8, 3, '拿铁、谷物碗、奶昔和轻烘焙', '植物感柔和，和咖啡搭配接受度高', '乳感和鲜味不如牛奶，容易略甜', '燕麦奶是很实用的牛奶替代，核心优势是顺滑度和易搭配性。'),
('coconut-milk', '椰奶', 'Coconut Milk', '植物奶', 'https://placehold.co/200x200/F6EFE3/243127?text=Coconut+Milk', '浓滑', 8, 2, 1, 3, 6, 6, '咖喱、热带风味甜品、奶昔和浓汤', '油脂感足，能快速补出奶香和厚度', '椰香明显，会强烈改变风味方向', '椰奶擅长补足浓润感，但会把菜整体拉向热带和甜香方向。'),
('cream', '淡奶油', 'Cream', '乳制品', 'https://placehold.co/200x200/F6EFE3/243127?text=Cream', '浓滑', 9, 2, 2, 2, 4, 3, '意面酱、奶油汤、蛋糕和甜品夹层', '厚度和顺滑度很强，能快速建立浓郁口感', '热量高，日常替代成本偏重', '淡奶油像是把乳感推到更厚重的一端，适合做口感加强型替代。'),
('butter', '黄油', 'Butter', '乳制品', 'https://placehold.co/200x200/F6EFE3/243127?text=Butter', '油润', 10, 2, 1, 1, 1, 5, '烘焙、煎香、做酱和抹面提香', '脂香强，少量就能显著提升满足感', '液体替代能力差，风格很重', '黄油更像是油脂和香气补强器，不是所有奶类都能直接用它顶。'),
('mozzarella', '马苏里拉', 'Mozzarella', '乳制品', 'https://placehold.co/200x200/F6EFE3/243127?text=Mozzarella', '拉丝', 7, 5, 2, 1, 4, 4, '披萨、烤吐司、焗饭和卡普雷塞沙拉', '拉丝表现强，视觉效果好', '风味比较温和，不是浓郁型奶酪', '马苏里拉更像结构和拉丝担当，适合视觉和口感迁移。'),
('cream-cheese', '奶油奶酪', 'Cream Cheese', '乳制品', 'https://placehold.co/200x200/F6EFE3/243127?text=Cream+Cheese', '厚滑', 8, 3, 3, 2, 3, 4, '贝果、芝士蛋糕、奶酪酱和夹馅', '质地稳定，抹面和夹层表现很好', '风格偏厚，不适合替代轻盈乳品', '奶油奶酪是更厚、更稳的乳感版本，适合需要稠度和附着力的场景。'),
('mushroom', '蘑菇', 'Mushroom', '鲜蔬菌菇', 'https://placehold.co/200x200/F6EFE3/243127?text=Mushroom', '柔嫩', 1, 8, 1, 1, 5, 6, '意面、炖饭、汉堡和植物系主菜', '鲜味很强，是很多肉类替代里的核心角色', '缺少真正的油脂感，口感也更轻', '蘑菇是鲜味迁移的明星选手，特别适合补足肉类缺位时的气场。'),
('tomato', '番茄', 'Tomato', '鲜蔬果', 'https://placehold.co/200x200/F6EFE3/243127?text=Tomato', '多汁', 1, 4, 7, 3, 9, 4, '意面酱、沙拉、炖菜和烤盘料理', '酸甜平衡好，含水量高，适合带出清爽感', '本体感偏轻，不适合顶替厚重食材', '番茄擅长补酸度和汁感，是很多料理里风味平衡器而不是主体油脂源。'),
('cucumber', '黄瓜', 'Cucumber', '鲜蔬果', 'https://placehold.co/200x200/F6EFE3/243127?text=Cucumber', '脆爽', 0, 1, 1, 1, 10, 2, '三明治、卷饼、冷盘和清爽沙拉', '清爽、便宜、含水量高，适合补脆感', '风味和厚度都弱，不能承担主角食材功能', '黄瓜更像质地和清爽度替代，不适合承担浓郁型食材的角色。'),
('cauliflower', '花椰菜', 'Cauliflower', '鲜蔬果', 'https://placehold.co/200x200/F6EFE3/243127?text=Cauliflower', '松散', 0, 3, 1, 2, 4, 2, '低碳米饭替代、烤盘菜和浓汤', '吸味能力好，适合做结构型主食替代', '自身风味轻，饱腹感和主食感有限', '花椰菜常用来顶主食或做绵松底层，更像结构迁移而不是风味迁移。'),
('spinach', '菠菜', 'Spinach', '鲜蔬果', 'https://placehold.co/200x200/F6EFE3/243127?text=Spinach', '柔软', 0, 3, 1, 1, 7, 3, '蛋饼、意面、轻汤和早餐碗', '颜色和柔软叶感都适合补绿色蔬菜位', '体积塌缩明显，存在感偏弱', '菠菜偏柔和，适合用来接住绿叶菜角色，但不适合做质地主角。'),
('zucchini', '西葫芦', 'Zucchini', '鲜蔬果', 'https://placehold.co/200x200/F6EFE3/243127?text=Zucchini', '柔嫩', 0, 2, 1, 2, 8, 2, '烤盘菜、意面、轻煎配菜和低碳料理', '容易吸味，熟后质地柔软', '本身风味弱，容易出水', '西葫芦适合承担轻盈蔬菜位，能补柔软感但不适合浓味主菜替代。'),
('potato', '土豆', 'Potato', '根茎主食', 'https://placehold.co/200x200/F6EFE3/243127?text=Potato', '绵密', 0, 2, 1, 1, 3, 2, '泥、薯块、浓汤和焗烤配菜', '饱腹感强，绵密度高，适合补体积', '风味比较平，不提供鲜味和油脂', '土豆是非常强的结构型替代，擅长给菜增加厚实感和绵密感。'),
('banana', '香蕉', 'Banana', '鲜蔬果', 'https://placehold.co/200x200/F6EFE3/243127?text=Banana', '绵密', 1, 1, 2, 8, 5, 6, '奶昔、燕麦碗、松饼和健康烘焙', '天然甜度高，能补黏合感和绵密口感', '香蕉香气明显，不适合所有甜品替代', '香蕉在甜口替代里很强，尤其适合接住绵密感和天然甜味。'),
('rice', '米饭', 'Rice', '主食谷物', 'https://placehold.co/200x200/F6EFE3/243127?text=Rice', '软弹', 0, 1, 0, 1, 4, 1, '饭碗、咖喱饭、炒饭和寿司饭底', '中性稳定，是最通用的主食底座之一', '本身风味弱，需要靠配料和酱汁撑气质', '米饭像一个中性底板，自己不抢戏，但能托住很多替代组合。'),
('pasta', '意面', 'Pasta', '主食谷物', 'https://placehold.co/200x200/F6EFE3/243127?text=Pasta', '弹韧', 1, 1, 0, 1, 3, 1, '奶油面、番茄面、焗面和冷面沙拉', '酱汁承载能力强，口感稳定', '风味中性，无法替代米饭那种颗粒分明感', '意面更重视弹韧和挂汁能力，适合作为酱汁型主食底。'),
('bread', '面包', 'Bread', '主食谷物', 'https://placehold.co/200x200/F6EFE3/243127?text=Bread', '蓬松', 2, 2, 1, 2, 2, 4, '三明治、吐司盘、开放面包和法式早餐', '上手快，适合承载酱料和主料', '含水量低，不适合替代湿润型主食', '面包更像一个蓬松载体，擅长接住夹馅和抹酱场景。'),
('oats', '燕麦', 'Oats', '主食谷物', 'https://placehold.co/200x200/F6EFE3/243127?text=Oats', '糊化', 3, 1, 1, 2, 4, 3, '早餐碗、隔夜燕麦、能量棒和健康烘焙', '饱腹感好，和奶类与水果兼容性高', '颗粒感和面粉结构不能完全互替', '燕麦偏温和和健康路线，适合早餐和轻烘焙里的基础替代。'),
('flour', '面粉', 'Flour', '烘焙原料', 'https://placehold.co/200x200/F6EFE3/243127?text=Flour', '粉质', 1, 1, 0, 1, 0, 1, '蛋糕、饼干、面糊和基础面团', '用途广，是烘焙和勾芡的基础骨架', '结构性强，但风味信息很少', '面粉不是风味型材料，更像是结构框架，很多替代都在和它的成型能力竞争。'),
('soy-sauce', '酱油', 'Soy Sauce', '酱料调味', 'https://placehold.co/200x200/F6EFE3/243127?text=Soy+Sauce', '液体', 0, 9, 1, 1, 9, 5, '日式饭碗、蘸汁、炒菜和酱汁打底', '鲜味强，少量就能显著补味', '咸度高，不提供油脂和厚度', '酱油是鲜味和咸香的捷径，适合补风味，不适合补质地。'),
('miso', '味噌', 'Miso', '酱料调味', 'https://placehold.co/200x200/F6EFE3/243127?text=Miso', '厚糊', 2, 9, 2, 2, 3, 6, '味噌汤、酱烤、蘸酱和咸口调味底', '发酵鲜味强，稠度比酱油更能挂味', '风格明显，不适合所有西式场景', '味噌是更厚、更发酵感的鲜味来源，适合做咸口风味加强型替代。'),
('mayonnaise', '蛋黄酱', 'Mayonnaise', '酱料调味', 'https://placehold.co/200x200/F6EFE3/243127?text=Mayo', '浓滑', 9, 3, 6, 2, 2, 3, '三明治、沙拉、蘸酱和日式小食', '既补油脂又补酸感，做冷食很高效', '风味方向固定，热应用场景有限', '蛋黄酱是冷食里很强的质地修复器，尤其适合补浓滑和酸感。'),
('olive-oil', '橄榄油', 'Olive Oil', '酱料调味', 'https://placehold.co/200x200/F6EFE3/243127?text=Olive+Oil', '油润', 10, 0, 1, 0, 0, 4, '沙拉、烤菜、意面和蘸面包', '补油脂效率高，适合把轻食拉得更润', '单独使用时风味层次有限', '橄榄油更像油脂度补偿工具，适合给原本偏干的替代品加回顺滑感。'),
('peanut-butter', '花生酱', 'Peanut Butter', '酱料调味', 'https://placehold.co/200x200/F6EFE3/243127?text=Peanut+Butter', '厚糊', 9, 2, 1, 3, 1, 7, '吐司、能量杯、东南亚风味酱汁和曲奇', '香气和厚度都强，少量即可显著提升满足感', '花生风味太明显，不适合中性替代', '花生酱擅长做高存在感替代，特别适合厚重、香气型场景。'),
('salmon-x1', '三文鱼扩展款1', 'Salmon Variant 1', '海鲜蛋白', 'https://img.icons8.com/stickers/200/000000/salmon-sushi.png', '紧实', 8, 9, 2, 1, 5, 6, '寿司碗、轻食沙拉、拌饭和吐司（扩展款1）', '口感高级、油脂饱满、鲜味稳定，更适合做结构替代测试。', '价格高、保鲜要求高，风味表现会有轻微偏移。', '适合提供顺滑油脂感和明显鲜味，是冷食里非常强势的主角食材。 该版本用于扩展样本库，保持核心定位并加入小幅结构变化。'),
('avocado-x2', '牛油果扩展款2', 'Avocado Variant 2', '果脂类', 'https://img.icons8.com/stickers/200/000000/avocado.png', '弹嫩', 9, 5, 2, 1, 4, 5, '寿司碗、开放三明治、沙拉和酱泥（扩展款2）', '容易买到，能补足丝滑感和油脂感，更适合做结构替代测试。', '海鲜鲜味弱，整体更偏植物清香，风味表现会有轻微偏移。', '很适合承担丝滑和丰润感，但无法完整复刻海产的咸鲜气质。 该版本用于扩展样本库，保持核心定位并加入小幅结构变化。'),
('egg-x3', '鸡蛋扩展款3', 'Egg Variant 3', '日常蛋白', 'https://img.icons8.com/stickers/200/000000/egg.png', '柔嫩', 6, 6, 0, 2, 5, 3, '早餐碗、三明治、盖饭和简易沙拉（扩展款3）', '便宜、常见、烹饪门槛低，更适合做结构替代测试。', '风味更温和，视觉冲击力不如生鲜蛋白，风味表现会有轻微偏移。', '鸡蛋在居家替代里非常实用，能提供柔软口感和一定鲜味，但风格更家常。 该版本用于扩展样本库，保持核心定位并加入小幅结构变化。'),
('tofu-x4', '豆腐扩展款4', 'Tofu Variant 4', '植物蛋白', 'https://img.icons8.com/stickers/200/000000/tofu.png', '浓滑', 0, 7, 1, 0, 8, 4, '拌饭、味噌汤、清淡炒菜和轻食碗（扩展款4）', '低脂、健康、价格友好，适合大多数家庭常备，更适合做结构替代测试。', '油脂感不足，需要额外调味或酱汁辅助，风味表现会有轻微偏移。', '豆腐很擅长接住清淡和软嫩的部分，但不适合直接替代高油脂食材的满足感。 该版本用于扩展样本库，保持核心定位并加入小幅结构变化。'),
('milk-x5', '牛奶扩展款5', 'Milk Variant 5', '乳制品', 'https://img.icons8.com/stickers/200/000000/milk-bottle.png', '脆爽', 8, 1, 4, 4, 7, 1, '拿铁、燕麦杯、奶油汤和基础烘焙（扩展款5）', '适配范围广，是许多饮品和甜品的基础液体，更适合做结构替代测试。', '乳糖不耐受人群不友好，风味表现会有轻微偏移。', '牛奶偏中性、顺滑，适合作为液体基底。很多替代品都是在模仿它的顺口和乳感。 该版本用于扩展样本库，保持核心定位并加入小幅结构变化。'),
('yogurt-x6', '酸奶扩展款6', 'Yogurt Variant 6', '乳制品', 'https://img.icons8.com/stickers/200/000000/yogurt.png', '丝滑', 4, 3, 8, 3, 6, 4, '冷饮、酱汁、隔夜燕麦和轻甜点（扩展款6）', '浓稠度强，发酵感能让风味更立体，更适合做结构替代测试。', '酸度高，不适合所有咖啡和甜点场景，风味表现会有轻微偏移。', '酸奶比牛奶更有个性，适合替代质地，但会明显改变风味走向。 该版本用于扩展样本库，保持核心定位并加入小幅结构变化。'),
('chicken-breast-x7', '鸡胸肉扩展款7', 'Chicken Breast Variant 7', '家常蛋白', 'https://img.icons8.com/stickers/200/000000/chicken-breast.png', '绵密', 2, 6, 2, 1, 3, 5, '健身沙拉、热碗饭、卷饼和三明治（扩展款7）', '高蛋白、低脂、好获取，更适合做结构替代测试。', '如果处理不好容易偏柴，顺滑感不强，风味表现会有轻微偏移。', '鸡胸肉胜在实用和稳定，更像是功能型替代，而不是气质完全复刻。 该版本用于扩展样本库，保持核心定位并加入小幅结构变化。'),
('beef-x8', '牛肉扩展款8', 'Beef Variant 8', '红肉蛋白', 'https://img.icons8.com/stickers/200/000000/steak.png', '软嫩', 7, 9, 0, 2, 3, 6, '能量碗、热拌饭、意面和煎炒主菜（扩展款8）', '鲜味很强，饱腹感和存在感都足，更适合做结构替代测试。', '价格偏高，整体调性更厚重，风味表现会有轻微偏移。', '牛肉在鲜味维度很强，适合作为强风味替代，但会把菜整体拉向更浓郁的方向。 该版本用于扩展样本库，保持核心定位并加入小幅结构变化。'),
('tuna-x9', '金枪鱼扩展款9', 'Tuna Variant 9', '海鲜蛋白', 'https://placehold.co/200x200/F6EFE3/243127?text=Tuna', '紧实', 2, 10, 1, 0, 5, 8, '寿司碗、三明治夹馅、沙拉和蛋白碗（扩展款9）', '鲜味强、蛋白高，很多冷食里都好替换，更适合做结构替代测试。', '油脂感不如三文鱼，口感更紧实，风味表现会有轻微偏移。', '金枪鱼更偏干净和利落，适合替代海鲜主角位，但整体风格更清爽。 该版本用于扩展样本库，保持核心定位并加入小幅结构变化。'),
('shrimp-x10', '虾仁扩展款10', 'Shrimp Variant 10', '海鲜蛋白', 'https://placehold.co/200x200/F6EFE3/243127?text=Shrimp', '弹嫩', 4, 5, 2, 3, 4, 3, '轻食碗、意面、炒饭和快手沙拉（扩展款10）', '熟制快、鲜味稳定、存在感明显，更适合做结构替代测试。', '油脂感弱，冷食时不够丝滑，风味表现会有轻微偏移。', '虾仁像一个更轻盈的海鲜替身，适合保住鲜味但不适合复刻油润感。 该版本用于扩展样本库，保持核心定位并加入小幅结构变化。'),
('pork-x11', '猪肉扩展款11', 'Pork Variant 11', '家常蛋白', 'https://placehold.co/200x200/F6EFE3/243127?text=Pork', '柔嫩', 4, 8, 1, 1, 5, 5, '家常炒菜、盖饭、三明治和热食碗（扩展款11）', '家用普适性高，兼顾鲜味和油脂，更适合做结构替代测试。', '风格偏厚重，不适合所有清爽场景，风味表现会有轻微偏移。', '猪肉比鸡胸更圆润，适合补足一点脂香，但整体气质会更家常。 该版本用于扩展样本库，保持核心定位并加入小幅结构变化。'),
('tempeh-x12', '天贝扩展款12', 'Tempeh Variant 12', '植物蛋白', 'https://placehold.co/200x200/F6EFE3/243127?text=Tempeh', '浓滑', 4, 5, 2, 1, 2, 6, '植物蛋白碗、卷饼、沙拉和热三明治（扩展款12）', '蛋白密度高，咬感更接近肉类，更适合做结构替代测试。', '豆发酵风味明显，不一定适合所有人，风味表现会有轻微偏移。', '天贝比豆腐更像肉类替代，特别适合需要紧实口感的场景。 该版本用于扩展样本库，保持核心定位并加入小幅结构变化。'),
('chickpeas-x13', '鹰嘴豆扩展款13', 'Chickpeas Variant 13', '植物蛋白', 'https://placehold.co/200x200/F6EFE3/243127?text=Chickpeas', '脆爽', 3, 4, 0, 3, 3, 2, '沙拉、豆泥酱、烤碗和植物蛋白拼盘（扩展款13）', '便于储存，饱腹感强，适合做豆泥和烤豆，更适合做结构替代测试。', '鲜味和油脂感都偏弱，需要调味支持，风味表现会有轻微偏移。', '鹰嘴豆更像是温和稳妥的结构型替代，适合撑起体积和绵密感。 该版本用于扩展样本库，保持核心定位并加入小幅结构变化。'),
('oat-milk-x14', '燕麦奶扩展款14', 'Oat Milk Variant 14', '植物奶', 'https://placehold.co/200x200/F6EFE3/243127?text=Oat+Milk', '丝滑', 2, 3, 2, 3, 9, 5, '拿铁、谷物碗、奶昔和轻烘焙（扩展款14）', '植物感柔和，和咖啡搭配接受度高，更适合做结构替代测试。', '乳感和鲜味不如牛奶，容易略甜，风味表现会有轻微偏移。', '燕麦奶是很实用的牛奶替代，核心优势是顺滑度和易搭配性。 该版本用于扩展样本库，保持核心定位并加入小幅结构变化。'),
('coconut-milk-x15', '椰奶扩展款15', 'Coconut Milk Variant 15', '植物奶', 'https://placehold.co/200x200/F6EFE3/243127?text=Coconut+Milk', '绵密', 10, 0, 2, 4, 5, 4, '咖喱、热带风味甜品、奶昔和浓汤（扩展款15）', '油脂感足，能快速补出奶香和厚度，更适合做结构替代测试。', '椰香明显，会强烈改变风味方向，风味表现会有轻微偏移。', '椰奶擅长补足浓润感，但会把菜整体拉向热带和甜香方向。 该版本用于扩展样本库，保持核心定位并加入小幅结构变化。'),
('cream-x16', '淡奶油扩展款16', 'Cream Variant 16', '乳制品', 'https://placehold.co/200x200/F6EFE3/243127?text=Cream', '软嫩', 8, 3, 2, 2, 5, 3, '意面酱、奶油汤、蛋糕和甜品夹层（扩展款16）', '厚度和顺滑度很强，能快速建立浓郁口感，更适合做结构替代测试。', '热量高，日常替代成本偏重，风味表现会有轻微偏移。', '淡奶油像是把乳感推到更厚重的一端，适合做口感加强型替代。 该版本用于扩展样本库，保持核心定位并加入小幅结构变化。'),
('butter-x17', '黄油扩展款17', 'Butter Variant 17', '乳制品', 'https://placehold.co/200x200/F6EFE3/243127?text=Butter', '紧实', 10, 1, 2, 1, 0, 6, '烘焙、煎香、做酱和抹面提香（扩展款17）', '脂香强，少量就能显著提升满足感，更适合做结构替代测试。', '液体替代能力差，风格很重，风味表现会有轻微偏移。', '黄油更像是油脂和香气补强器，不是所有奶类都能直接用它顶。 该版本用于扩展样本库，保持核心定位并加入小幅结构变化。'),
('mozzarella-x18', '马苏里拉扩展款18', 'Mozzarella Variant 18', '乳制品', 'https://placehold.co/200x200/F6EFE3/243127?text=Mozzarella', '弹嫩', 8, 5, 1, 2, 4, 3, '披萨、烤吐司、焗饭和卡普雷塞沙拉（扩展款18）', '拉丝表现强，视觉效果好，更适合做结构替代测试。', '风味比较温和，不是浓郁型奶酪，风味表现会有轻微偏移。', '马苏里拉更像结构和拉丝担当，适合视觉和口感迁移。 该版本用于扩展样本库，保持核心定位并加入小幅结构变化。'),
('cream-cheese-x19', '奶油奶酪扩展款19', 'Cream Cheese Variant 19', '乳制品', 'https://placehold.co/200x200/F6EFE3/243127?text=Cream+Cheese', '柔嫩', 6, 5, 3, 1, 4, 6, '贝果、芝士蛋糕、奶酪酱和夹馅（扩展款19）', '质地稳定，抹面和夹层表现很好，更适合做结构替代测试。', '风格偏厚，不适合替代轻盈乳品，风味表现会有轻微偏移。', '奶油奶酪是更厚、更稳的乳感版本，适合需要稠度和附着力的场景。 该版本用于扩展样本库，保持核心定位并加入小幅结构变化。'),
('mushroom-x20', '蘑菇扩展款20', 'Mushroom Variant 20', '鲜蔬菌菇', 'https://placehold.co/200x200/F6EFE3/243127?text=Mushroom', '浓滑', 3, 6, 2, 2, 4, 4, '意面、炖饭、汉堡和植物系主菜（扩展款20）', '鲜味很强，是很多肉类替代里的核心角色，更适合做结构替代测试。', '缺少真正的油脂感，口感也更轻，风味表现会有轻微偏移。', '蘑菇是鲜味迁移的明星选手，特别适合补足肉类缺位时的气场。 该版本用于扩展样本库，保持核心定位并加入小幅结构变化。'),
('tomato-x21', '番茄扩展款21', 'Tomato Variant 21', '鲜蔬果', 'https://placehold.co/200x200/F6EFE3/243127?text=Tomato', '脆爽', 0, 5, 7, 3, 10, 4, '意面酱、沙拉、炖菜和烤盘料理（扩展款21）', '酸甜平衡好，含水量高，适合带出清爽感，更适合做结构替代测试。', '本体感偏轻，不适合顶替厚重食材，风味表现会有轻微偏移。', '番茄擅长补酸度和汁感，是很多料理里风味平衡器而不是主体油脂源。 该版本用于扩展样本库，保持核心定位并加入小幅结构变化。'),
('cucumber-x22', '黄瓜扩展款22', 'Cucumber Variant 22', '鲜蔬果', 'https://placehold.co/200x200/F6EFE3/243127?text=Cucumber', '丝滑', 0, 0, 2, 1, 9, 3, '三明治、卷饼、冷盘和清爽沙拉（扩展款22）', '清爽、便宜、含水量高，适合补脆感，更适合做结构替代测试。', '风味和厚度都弱，不能承担主角食材功能，风味表现会有轻微偏移。', '黄瓜更像质地和清爽度替代，不适合承担浓郁型食材的角色。 该版本用于扩展样本库，保持核心定位并加入小幅结构变化。'),
('cauliflower-x23', '花椰菜扩展款23', 'Cauliflower Variant 23', '鲜蔬果', 'https://placehold.co/200x200/F6EFE3/243127?text=Cauliflower', '绵密', 1, 3, 0, 3, 4, 1, '低碳米饭替代、烤盘菜和浓汤（扩展款23）', '吸味能力好，适合做结构型主食替代，更适合做结构替代测试。', '自身风味轻，饱腹感和主食感有限，风味表现会有轻微偏移。', '花椰菜常用来顶主食或做绵松底层，更像结构迁移而不是风味迁移。 该版本用于扩展样本库，保持核心定位并加入小幅结构变化。'),
('spinach-x24', '菠菜扩展款24', 'Spinach Variant 24', '鲜蔬果', 'https://placehold.co/200x200/F6EFE3/243127?text=Spinach', '软嫩', 0, 5, 1, 0, 8, 5, '蛋饼、意面、轻汤和早餐碗（扩展款24）', '颜色和柔软叶感都适合补绿色蔬菜位，更适合做结构替代测试。', '体积塌缩明显，存在感偏弱，风味表现会有轻微偏移。', '菠菜偏柔和，适合用来接住绿叶菜角色，但不适合做质地主角。 该版本用于扩展样本库，保持核心定位并加入小幅结构变化。'),
('zucchini-x25', '西葫芦扩展款25', 'Zucchini Variant 25', '鲜蔬果', 'https://placehold.co/200x200/F6EFE3/243127?text=Zucchini', '紧实', 2, 0, 2, 3, 7, 0, '烤盘菜、意面、轻煎配菜和低碳料理（扩展款25）', '容易吸味，熟后质地柔软，更适合做结构替代测试。', '本身风味弱，容易出水，风味表现会有轻微偏移。', '西葫芦适合承担轻盈蔬菜位，能补柔软感但不适合浓味主菜替代。 该版本用于扩展样本库，保持核心定位并加入小幅结构变化。'),
('potato-x26', '土豆扩展款26', 'Potato Variant 26', '根茎主食', 'https://placehold.co/200x200/F6EFE3/243127?text=Potato', '弹嫩', 0, 3, 1, 1, 4, 2, '泥、薯块、浓汤和焗烤配菜（扩展款26）', '饱腹感强，绵密度高，适合补体积，更适合做结构替代测试。', '风味比较平，不提供鲜味和油脂，风味表现会有轻微偏移。', '土豆是非常强的结构型替代，擅长给菜增加厚实感和绵密感。 该版本用于扩展样本库，保持核心定位并加入小幅结构变化。'),
('banana-x27', '香蕉扩展款27', 'Banana Variant 27', '鲜蔬果', 'https://placehold.co/200x200/F6EFE3/243127?text=Banana', '柔嫩', 1, 0, 3, 8, 4, 7, '奶昔、燕麦碗、松饼和健康烘焙（扩展款27）', '天然甜度高，能补黏合感和绵密口感，更适合做结构替代测试。', '香蕉香气明显，不适合所有甜品替代，风味表现会有轻微偏移。', '香蕉在甜口替代里很强，尤其适合接住绵密感和天然甜味。 该版本用于扩展样本库，保持核心定位并加入小幅结构变化。'),
('rice-x28', '米饭扩展款28', 'Rice Variant 28', '主食谷物', 'https://placehold.co/200x200/F6EFE3/243127?text=Rice', '浓滑', 1, 1, 0, 2, 4, 0, '饭碗、咖喱饭、炒饭和寿司饭底（扩展款28）', '中性稳定，是最通用的主食底座之一，更适合做结构替代测试。', '本身风味弱，需要靠配料和酱汁撑气质，风味表现会有轻微偏移。', '米饭像一个中性底板，自己不抢戏，但能托住很多替代组合。 该版本用于扩展样本库，保持核心定位并加入小幅结构变化。'),
('pasta-x29', '意面扩展款29', 'Pasta Variant 29', '主食谷物', 'https://placehold.co/200x200/F6EFE3/243127?text=Pasta', '脆爽', 0, 3, 0, 0, 4, 3, '奶油面、番茄面、焗面和冷面沙拉（扩展款29）', '酱汁承载能力强，口感稳定，更适合做结构替代测试。', '风味中性，无法替代米饭那种颗粒分明感，风味表现会有轻微偏移。', '意面更重视弹韧和挂汁能力，适合作为酱汁型主食底。 该版本用于扩展样本库，保持核心定位并加入小幅结构变化。'),
('bread-x30', '面包扩展款30', 'Bread Variant 30', '主食谷物', 'https://placehold.co/200x200/F6EFE3/243127?text=Bread', '丝滑', 4, 0, 2, 3, 1, 2, '三明治、吐司盘、开放面包和法式早餐（扩展款30）', '上手快，适合承载酱料和主料，更适合做结构替代测试。', '含水量低，不适合替代湿润型主食，风味表现会有轻微偏移。', '面包更像一个蓬松载体，擅长接住夹馅和抹酱场景。 该版本用于扩展样本库，保持核心定位并加入小幅结构变化。'),
('oats-x31', '燕麦扩展款31', 'Oats Variant 31', '主食谷物', 'https://placehold.co/200x200/F6EFE3/243127?text=Oats', '绵密', 2, 2, 1, 2, 5, 3, '早餐碗、隔夜燕麦、能量棒和健康烘焙（扩展款31）', '饱腹感好，和奶类与水果兼容性高，更适合做结构替代测试。', '颗粒感和面粉结构不能完全互替，风味表现会有轻微偏移。', '燕麦偏温和和健康路线，适合早餐和轻烘焙里的基础替代。 该版本用于扩展样本库，保持核心定位并加入小幅结构变化。'),
('flour-x32', '面粉扩展款32', 'Flour Variant 32', '烘焙原料', 'https://placehold.co/200x200/F6EFE3/243127?text=Flour', '软嫩', 1, 0, 1, 1, 0, 2, '蛋糕、饼干、面糊和基础面团（扩展款32）', '用途广，是烘焙和勾芡的基础骨架，更适合做结构替代测试。', '结构性强，但风味信息很少，风味表现会有轻微偏移。', '面粉不是风味型材料，更像是结构框架，很多替代都在和它的成型能力竞争。 该版本用于扩展样本库，保持核心定位并加入小幅结构变化。'),
('soy-sauce-x33', '酱油扩展款33', 'Soy Sauce Variant 33', '酱料调味', 'https://placehold.co/200x200/F6EFE3/243127?text=Soy+Sauce', '紧实', 1, 9, 0, 2, 9, 4, '日式饭碗、蘸汁、炒菜和酱汁打底（扩展款33）', '鲜味强，少量就能显著补味，更适合做结构替代测试。', '咸度高，不提供油脂和厚度，风味表现会有轻微偏移。', '酱油是鲜味和咸香的捷径，适合补风味，不适合补质地。 该版本用于扩展样本库，保持核心定位并加入小幅结构变化。'),
('miso-x34', '味噌扩展款34', 'Miso Variant 34', '酱料调味', 'https://placehold.co/200x200/F6EFE3/243127?text=Miso', '弹嫩', 0, 10, 2, 1, 4, 8, '味噌汤、酱烤、蘸酱和咸口调味底（扩展款34）', '发酵鲜味强，稠度比酱油更能挂味，更适合做结构替代测试。', '风格明显，不适合所有西式场景，风味表现会有轻微偏移。', '味噌是更厚、更发酵感的鲜味来源，适合做咸口风味加强型替代。 该版本用于扩展样本库，保持核心定位并加入小幅结构变化。'),
('mayonnaise-x35', '蛋黄酱扩展款35', 'Mayonnaise Variant 35', '酱料调味', 'https://placehold.co/200x200/F6EFE3/243127?text=Mayo', '柔嫩', 10, 1, 7, 3, 1, 1, '三明治、沙拉、蘸酱和日式小食（扩展款35）', '既补油脂又补酸感，做冷食很高效，更适合做结构替代测试。', '风味方向固定，热应用场景有限，风味表现会有轻微偏移。', '蛋黄酱是冷食里很强的质地修复器，尤其适合补浓滑和酸感。 该版本用于扩展样本库，保持核心定位并加入小幅结构变化。'),
('olive-oil-x36', '橄榄油扩展款36', 'Olive Oil Variant 36', '酱料调味', 'https://placehold.co/200x200/F6EFE3/243127?text=Olive+Oil', '浓滑', 9, 1, 1, 0, 1, 4, '沙拉、烤菜、意面和蘸面包（扩展款36）', '补油脂效率高，适合把轻食拉得更润，更适合做结构替代测试。', '单独使用时风味层次有限，风味表现会有轻微偏移。', '橄榄油更像油脂度补偿工具，适合给原本偏干的替代品加回顺滑感。 该版本用于扩展样本库，保持核心定位并加入小幅结构变化。'),
('peanut-butter-x37', '花生酱扩展款37', 'Peanut Butter Variant 37', '酱料调味', 'https://placehold.co/200x200/F6EFE3/243127?text=Peanut+Butter', '脆爽', 9, 1, 2, 3, 0, 8, '吐司、能量杯、东南亚风味酱汁和曲奇（扩展款37）', '香气和厚度都强，少量即可显著提升满足感，更适合做结构替代测试。', '花生风味太明显，不适合中性替代，风味表现会有轻微偏移。', '花生酱擅长做高存在感替代，特别适合厚重、香气型场景。 该版本用于扩展样本库，保持核心定位并加入小幅结构变化。'),
('salmon-x38', '三文鱼扩展款38', 'Salmon Variant 38', '海鲜蛋白', 'https://img.icons8.com/stickers/200/000000/salmon-sushi.png', '丝滑', 10, 8, 1, 2, 4, 5, '寿司碗、轻食沙拉、拌饭和吐司（扩展款38）', '口感高级、油脂饱满、鲜味稳定，更适合做结构替代测试。', '价格高、保鲜要求高，风味表现会有轻微偏移。', '适合提供顺滑油脂感和明显鲜味，是冷食里非常强势的主角食材。 该版本用于扩展样本库，保持核心定位并加入小幅结构变化。'),
('avocado-x39', '牛油果扩展款39', 'Avocado Variant 39', '果脂类', 'https://img.icons8.com/stickers/200/000000/avocado.png', '绵密', 7, 8, 1, 0, 6, 6, '寿司碗、开放三明治、沙拉和酱泥（扩展款39）', '容易买到，能补足丝滑感和油脂感，更适合做结构替代测试。', '海鲜鲜味弱，整体更偏植物清香，风味表现会有轻微偏移。', '很适合承担丝滑和丰润感，但无法完整复刻海产的咸鲜气质。 该版本用于扩展样本库，保持核心定位并加入小幅结构变化。'),
('egg-x40', '鸡蛋扩展款40', 'Egg Variant 40', '日常蛋白', 'https://img.icons8.com/stickers/200/000000/egg.png', '软嫩', 7, 4, 2, 2, 4, 2, '早餐碗、三明治、盖饭和简易沙拉（扩展款40）', '便宜、常见、烹饪门槛低，更适合做结构替代测试。', '风味更温和，视觉冲击力不如生鲜蛋白，风味表现会有轻微偏移。', '鸡蛋在居家替代里非常实用，能提供柔软口感和一定鲜味，但风格更家常。 该版本用于扩展样本库，保持核心定位并加入小幅结构变化。'),
('tofu-x41', '豆腐扩展款41', 'Tofu Variant 41', '植物蛋白', 'https://img.icons8.com/stickers/200/000000/tofu.png', '紧实', 1, 6, 1, 1, 8, 2, '拌饭、味噌汤、清淡炒菜和轻食碗（扩展款41）', '低脂、健康、价格友好，适合大多数家庭常备，更适合做结构替代测试。', '油脂感不足，需要额外调味或酱汁辅助，风味表现会有轻微偏移。', '豆腐很擅长接住清淡和软嫩的部分，但不适合直接替代高油脂食材的满足感。 该版本用于扩展样本库，保持核心定位并加入小幅结构变化。'),
('milk-x42', '牛奶扩展款42', 'Milk Variant 42', '乳制品', 'https://img.icons8.com/stickers/200/000000/milk-bottle.png', '弹嫩', 6, 2, 4, 3, 7, 4, '拿铁、燕麦杯、奶油汤和基础烘焙（扩展款42）', '适配范围广，是许多饮品和甜品的基础液体，更适合做结构替代测试。', '乳糖不耐受人群不友好，风味表现会有轻微偏移。', '牛奶偏中性、顺滑，适合作为液体基底。很多替代品都是在模仿它的顺口和乳感。 该版本用于扩展样本库，保持核心定位并加入小幅结构变化。'),
('yogurt-x43', '酸奶扩展款43', 'Yogurt Variant 43', '乳制品', 'https://img.icons8.com/stickers/200/000000/yogurt.png', '柔嫩', 6, 2, 7, 4, 5, 3, '冷饮、酱汁、隔夜燕麦和轻甜点（扩展款43）', '浓稠度强，发酵感能让风味更立体，更适合做结构替代测试。', '酸度高，不适合所有咖啡和甜点场景，风味表现会有轻微偏移。', '酸奶比牛奶更有个性，适合替代质地，但会明显改变风味走向。 该版本用于扩展样本库，保持核心定位并加入小幅结构变化。'),
('chicken-breast-x44', '鸡胸肉扩展款44', 'Chicken Breast Variant 44', '家常蛋白', 'https://img.icons8.com/stickers/200/000000/chicken-breast.png', '浓滑', 0, 9, 1, 0, 5, 6, '健身沙拉、热碗饭、卷饼和三明治（扩展款44）', '高蛋白、低脂、好获取，更适合做结构替代测试。', '如果处理不好容易偏柴，顺滑感不强，风味表现会有轻微偏移。', '鸡胸肉胜在实用和稳定，更像是功能型替代，而不是气质完全复刻。 该版本用于扩展样本库，保持核心定位并加入小幅结构变化。'),
('beef-x45', '牛肉扩展款45', 'Beef Variant 45', '红肉蛋白', 'https://img.icons8.com/stickers/200/000000/steak.png', '脆爽', 8, 7, 2, 2, 2, 5, '能量碗、热拌饭、意面和煎炒主菜（扩展款45）', '鲜味很强，饱腹感和存在感都足，更适合做结构替代测试。', '价格偏高，整体调性更厚重，风味表现会有轻微偏移。', '牛肉在鲜味维度很强，适合作为强风味替代，但会把菜整体拉向更浓郁的方向。 该版本用于扩展样本库，保持核心定位并加入小幅结构变化。'),
('tuna-x46', '金枪鱼扩展款46', 'Tuna Variant 46', '海鲜蛋白', 'https://placehold.co/200x200/F6EFE3/243127?text=Tuna', '丝滑', 3, 9, 1, 1, 5, 6, '寿司碗、三明治夹馅、沙拉和蛋白碗（扩展款46）', '鲜味强、蛋白高，很多冷食里都好替换，更适合做结构替代测试。', '油脂感不如三文鱼，口感更紧实，风味表现会有轻微偏移。', '金枪鱼更偏干净和利落，适合替代海鲜主角位，但整体风格更清爽。 该版本用于扩展样本库，保持核心定位并加入小幅结构变化。'),
('shrimp-x47', '虾仁扩展款47', 'Shrimp Variant 47', '海鲜蛋白', 'https://placehold.co/200x200/F6EFE3/243127?text=Shrimp', '绵密', 2, 6, 2, 2, 4, 6, '轻食碗、意面、炒饭和快手沙拉（扩展款47）', '熟制快、鲜味稳定、存在感明显，更适合做结构替代测试。', '油脂感弱，冷食时不够丝滑，风味表现会有轻微偏移。', '虾仁像一个更轻盈的海鲜替身，适合保住鲜味但不适合复刻油润感。 该版本用于扩展样本库，保持核心定位并加入小幅结构变化。'),
('pork-x48', '猪肉扩展款48', 'Pork Variant 48', '家常蛋白', 'https://placehold.co/200x200/F6EFE3/243127?text=Pork', '软嫩', 6, 7, 0, 2, 4, 4, '家常炒菜、盖饭、三明治和热食碗（扩展款48）', '家用普适性高，兼顾鲜味和油脂，更适合做结构替代测试。', '风格偏厚重，不适合所有清爽场景，风味表现会有轻微偏移。', '猪肉比鸡胸更圆润，适合补足一点脂香，但整体气质会更家常。 该版本用于扩展样本库，保持核心定位并加入小幅结构变化。'),
('tempeh-x49', '天贝扩展款49', 'Tempeh Variant 49', '植物蛋白', 'https://placehold.co/200x200/F6EFE3/243127?text=Tempeh', '紧实', 2, 8, 1, 0, 4, 7, '植物蛋白碗、卷饼、沙拉和热三明治（扩展款49）', '蛋白密度高，咬感更接近肉类，更适合做结构替代测试。', '豆发酵风味明显，不一定适合所有人，风味表现会有轻微偏移。', '天贝比豆腐更像肉类替代，特别适合需要紧实口感的场景。 该版本用于扩展样本库，保持核心定位并加入小幅结构变化。'),
('chickpeas-x50', '鹰嘴豆扩展款50', 'Chickpeas Variant 50', '植物蛋白', 'https://placehold.co/200x200/F6EFE3/243127?text=Chickpeas', '弹嫩', 4, 2, 2, 3, 2, 1, '沙拉、豆泥酱、烤碗和植物蛋白拼盘（扩展款50）', '便于储存，饱腹感强，适合做豆泥和烤豆，更适合做结构替代测试。', '鲜味和油脂感都偏弱，需要调味支持，风味表现会有轻微偏移。', '鹰嘴豆更像是温和稳妥的结构型替代，适合撑起体积和绵密感。 该版本用于扩展样本库，保持核心定位并加入小幅结构变化。'),
('oat-milk-x51', '燕麦奶扩展款51', 'Oat Milk Variant 51', '植物奶', 'https://placehold.co/200x200/F6EFE3/243127?text=Oat+Milk', '柔嫩', 3, 2, 2, 4, 9, 3, '拿铁、谷物碗、奶昔和轻烘焙（扩展款51）', '植物感柔和，和咖啡搭配接受度高，更适合做结构替代测试。', '乳感和鲜味不如牛奶，容易略甜，风味表现会有轻微偏移。', '燕麦奶是很实用的牛奶替代，核心优势是顺滑度和易搭配性。 该版本用于扩展样本库，保持核心定位并加入小幅结构变化。'),
('coconut-milk-x52', '椰奶扩展款52', 'Coconut Milk Variant 52', '植物奶', 'https://placehold.co/200x200/F6EFE3/243127?text=Coconut+Milk', '浓滑', 8, 1, 2, 3, 5, 7, '咖喱、热带风味甜品、奶昔和浓汤（扩展款52）', '油脂感足，能快速补出奶香和厚度，更适合做结构替代测试。', '椰香明显，会强烈改变风味方向，风味表现会有轻微偏移。', '椰奶擅长补足浓润感，但会把菜整体拉向热带和甜香方向。 该版本用于扩展样本库，保持核心定位并加入小幅结构变化。'),
('cream-x53', '淡奶油扩展款53', 'Cream Variant 53', '乳制品', 'https://placehold.co/200x200/F6EFE3/243127?text=Cream', '脆爽', 10, 2, 1, 3, 4, 2, '意面酱、奶油汤、蛋糕和甜品夹层（扩展款53）', '厚度和顺滑度很强，能快速建立浓郁口感，更适合做结构替代测试。', '热量高，日常替代成本偏重，风味表现会有轻微偏移。', '淡奶油像是把乳感推到更厚重的一端，适合做口感加强型替代。 该版本用于扩展样本库，保持核心定位并加入小幅结构变化。'),
('butter-x54', '黄油扩展款54', 'Butter Variant 54', '乳制品', 'https://placehold.co/200x200/F6EFE3/243127?text=Butter', '丝滑', 8, 4, 1, 0, 2, 7, '烘焙、煎香、做酱和抹面提香（扩展款54）', '脂香强，少量就能显著提升满足感，更适合做结构替代测试。', '液体替代能力差，风格很重，风味表现会有轻微偏移。', '黄油更像是油脂和香气补强器，不是所有奶类都能直接用它顶。 该版本用于扩展样本库，保持核心定位并加入小幅结构变化。'),
('mozzarella-x55', '马苏里拉扩展款55', 'Mozzarella Variant 55', '乳制品', 'https://placehold.co/200x200/F6EFE3/243127?text=Mozzarella', '绵密', 9, 3, 3, 2, 3, 2, '披萨、烤吐司、焗饭和卡普雷塞沙拉（扩展款55）', '拉丝表现强，视觉效果好，更适合做结构替代测试。', '风味比较温和，不是浓郁型奶酪，风味表现会有轻微偏移。', '马苏里拉更像结构和拉丝担当，适合视觉和口感迁移。 该版本用于扩展样本库，保持核心定位并加入小幅结构变化。'),
('cream-cheese-x56', '奶油奶酪扩展款56', 'Cream Cheese Variant 56', '乳制品', 'https://placehold.co/200x200/F6EFE3/243127?text=Cream+Cheese', '软嫩', 7, 4, 3, 2, 4, 4, '贝果、芝士蛋糕、奶酪酱和夹馅（扩展款56）', '质地稳定，抹面和夹层表现很好，更适合做结构替代测试。', '风格偏厚，不适合替代轻盈乳品，风味表现会有轻微偏移。', '奶油奶酪是更厚、更稳的乳感版本，适合需要稠度和附着力的场景。 该版本用于扩展样本库，保持核心定位并加入小幅结构变化。'),
('mushroom-x57', '蘑菇扩展款57', 'Mushroom Variant 57', '鲜蔬菌菇', 'https://placehold.co/200x200/F6EFE3/243127?text=Mushroom', '紧实', 1, 7, 2, 1, 4, 7, '意面、炖饭、汉堡和植物系主菜（扩展款57）', '鲜味很强，是很多肉类替代里的核心角色，更适合做结构替代测试。', '缺少真正的油脂感，口感也更轻，风味表现会有轻微偏移。', '蘑菇是鲜味迁移的明星选手，特别适合补足肉类缺位时的气场。 该版本用于扩展样本库，保持核心定位并加入小幅结构变化。'),
('tomato-x58', '番茄扩展款58', 'Tomato Variant 58', '鲜蔬果', 'https://placehold.co/200x200/F6EFE3/243127?text=Tomato', '弹嫩', 2, 4, 6, 4, 9, 3, '意面酱、沙拉、炖菜和烤盘料理（扩展款58）', '酸甜平衡好，含水量高，适合带出清爽感，更适合做结构替代测试。', '本体感偏轻，不适合顶替厚重食材，风味表现会有轻微偏移。', '番茄擅长补酸度和汁感，是很多料理里风味平衡器而不是主体油脂源。 该版本用于扩展样本库，保持核心定位并加入小幅结构变化。'),
('cucumber-x59', '黄瓜扩展款59', 'Cucumber Variant 59', '鲜蔬果', 'https://placehold.co/200x200/F6EFE3/243127?text=Cucumber', '柔嫩', 0, 3, 1, 0, 10, 4, '三明治、卷饼、冷盘和清爽沙拉（扩展款59）', '清爽、便宜、含水量高，适合补脆感，更适合做结构替代测试。', '风味和厚度都弱，不能承担主角食材功能，风味表现会有轻微偏移。', '黄瓜更像质地和清爽度替代，不适合承担浓郁型食材的角色。 该版本用于扩展样本库，保持核心定位并加入小幅结构变化。'),
('cauliflower-x60', '花椰菜扩展款60', 'Cauliflower Variant 60', '鲜蔬果', 'https://placehold.co/200x200/F6EFE3/243127?text=Cauliflower', '浓滑', 2, 1, 2, 3, 3, 0, '低碳米饭替代、烤盘菜和浓汤（扩展款60）', '吸味能力好，适合做结构型主食替代，更适合做结构替代测试。', '自身风味轻，饱腹感和主食感有限，风味表现会有轻微偏移。', '花椰菜常用来顶主食或做绵松底层，更像结构迁移而不是风味迁移。 该版本用于扩展样本库，保持核心定位并加入小幅结构变化。'),
('spinach-x61', '菠菜扩展款61', 'Spinach Variant 61', '鲜蔬果', 'https://placehold.co/200x200/F6EFE3/243127?text=Spinach', '脆爽', 0, 4, 1, 1, 8, 3, '蛋饼、意面、轻汤和早餐碗（扩展款61）', '颜色和柔软叶感都适合补绿色蔬菜位，更适合做结构替代测试。', '体积塌缩明显，存在感偏弱，风味表现会有轻微偏移。', '菠菜偏柔和，适合用来接住绿叶菜角色，但不适合做质地主角。 该版本用于扩展样本库，保持核心定位并加入小幅结构变化。'),
('zucchini-x62', '西葫芦扩展款62', 'Zucchini Variant 62', '鲜蔬果', 'https://placehold.co/200x200/F6EFE3/243127?text=Zucchini', '丝滑', 0, 1, 2, 2, 7, 3, '烤盘菜、意面、轻煎配菜和低碳料理（扩展款62）', '容易吸味，熟后质地柔软，更适合做结构替代测试。', '本身风味弱，容易出水，风味表现会有轻微偏移。', '西葫芦适合承担轻盈蔬菜位，能补柔软感但不适合浓味主菜替代。 该版本用于扩展样本库，保持核心定位并加入小幅结构变化。'),
('potato-x63', '土豆扩展款63', 'Potato Variant 63', '根茎主食', 'https://placehold.co/200x200/F6EFE3/243127?text=Potato', '绵密', 1, 2, 0, 2, 3, 1, '泥、薯块、浓汤和焗烤配菜（扩展款63）', '饱腹感强，绵密度高，适合补体积，更适合做结构替代测试。', '风味比较平，不提供鲜味和油脂，风味表现会有轻微偏移。', '土豆是非常强的结构型替代，擅长给菜增加厚实感和绵密感。 该版本用于扩展样本库，保持核心定位并加入小幅结构变化。'),
('banana-x64', '香蕉扩展款64', 'Banana Variant 64', '鲜蔬果', 'https://placehold.co/200x200/F6EFE3/243127?text=Banana', '软嫩', 0, 3, 2, 7, 6, 8, '奶昔、燕麦碗、松饼和健康烘焙（扩展款64）', '天然甜度高，能补黏合感和绵密口感，更适合做结构替代测试。', '香蕉香气明显，不适合所有甜品替代，风味表现会有轻微偏移。', '香蕉在甜口替代里很强，尤其适合接住绵密感和天然甜味。 该版本用于扩展样本库，保持核心定位并加入小幅结构变化。'),
('rice-x65', '米饭扩展款65', 'Rice Variant 65', '主食谷物', 'https://placehold.co/200x200/F6EFE3/243127?text=Rice', '紧实', 2, 0, 1, 2, 3, 0, '饭碗、咖喱饭、炒饭和寿司饭底（扩展款65）', '中性稳定，是最通用的主食底座之一，更适合做结构替代测试。', '本身风味弱，需要靠配料和酱汁撑气质，风味表现会有轻微偏移。', '米饭像一个中性底板，自己不抢戏，但能托住很多替代组合。 该版本用于扩展样本库，保持核心定位并加入小幅结构变化。'),
('pasta-x66', '意面扩展款66', 'Pasta Variant 66', '主食谷物', 'https://placehold.co/200x200/F6EFE3/243127?text=Pasta', '弹嫩', 0, 2, 0, 1, 4, 1, '奶油面、番茄面、焗面和冷面沙拉（扩展款66）', '酱汁承载能力强，口感稳定，更适合做结构替代测试。', '风味中性，无法替代米饭那种颗粒分明感，风味表现会有轻微偏移。', '意面更重视弹韧和挂汁能力，适合作为酱汁型主食底。 该版本用于扩展样本库，保持核心定位并加入小幅结构变化。'),
('bread-x67', '面包扩展款67', 'Bread Variant 67', '主食谷物', 'https://placehold.co/200x200/F6EFE3/243127?text=Bread', '柔嫩', 2, 1, 2, 2, 1, 5, '三明治、吐司盘、开放面包和法式早餐（扩展款67）', '上手快，适合承载酱料和主料，更适合做结构替代测试。', '含水量低，不适合替代湿润型主食，风味表现会有轻微偏移。', '面包更像一个蓬松载体，擅长接住夹馅和抹酱场景。 该版本用于扩展样本库，保持核心定位并加入小幅结构变化。'),
('oats-x68', '燕麦扩展款68', 'Oats Variant 68', '主食谷物', 'https://placehold.co/200x200/F6EFE3/243127?text=Oats', '浓滑', 4, 1, 0, 3, 4, 2, '早餐碗、隔夜燕麦、能量棒和健康烘焙（扩展款68）', '饱腹感好，和奶类与水果兼容性高，更适合做结构替代测试。', '颗粒感和面粉结构不能完全互替，风味表现会有轻微偏移。', '燕麦偏温和和健康路线，适合早餐和轻烘焙里的基础替代。 该版本用于扩展样本库，保持核心定位并加入小幅结构变化。'),
('flour-x69', '面粉扩展款69', 'Flour Variant 69', '烘焙原料', 'https://placehold.co/200x200/F6EFE3/243127?text=Flour', '脆爽', 0, 3, 0, 0, 1, 3, '蛋糕、饼干、面糊和基础面团（扩展款69）', '用途广，是烘焙和勾芡的基础骨架，更适合做结构替代测试。', '结构性强，但风味信息很少，风味表现会有轻微偏移。', '面粉不是风味型材料，更像是结构框架，很多替代都在和它的成型能力竞争。 该版本用于扩展样本库，保持核心定位并加入小幅结构变化。'),
('soy-sauce-x70', '酱油扩展款70', 'Soy Sauce Variant 70', '酱料调味', 'https://placehold.co/200x200/F6EFE3/243127?text=Soy+Sauce', '丝滑', 2, 7, 2, 2, 8, 3, '日式饭碗、蘸汁、炒菜和酱汁打底（扩展款70）', '鲜味强，少量就能显著补味，更适合做结构替代测试。', '咸度高，不提供油脂和厚度，风味表现会有轻微偏移。', '酱油是鲜味和咸香的捷径，适合补风味，不适合补质地。 该版本用于扩展样本库，保持核心定位并加入小幅结构变化。'),
('miso-x71', '味噌扩展款71', 'Miso Variant 71', '酱料调味', 'https://placehold.co/200x200/F6EFE3/243127?text=Miso', '绵密', 1, 10, 2, 2, 4, 6, '味噌汤、酱烤、蘸酱和咸口调味底（扩展款71）', '发酵鲜味强，稠度比酱油更能挂味，更适合做结构替代测试。', '风格明显，不适合所有西式场景，风味表现会有轻微偏移。', '味噌是更厚、更发酵感的鲜味来源，适合做咸口风味加强型替代。 该版本用于扩展样本库，保持核心定位并加入小幅结构变化。'),
('mayonnaise-x72', '蛋黄酱扩展款72', 'Mayonnaise Variant 72', '酱料调味', 'https://placehold.co/200x200/F6EFE3/243127?text=Mayo', '软嫩', 9, 2, 7, 2, 1, 4, '三明治、沙拉、蘸酱和日式小食（扩展款72）', '既补油脂又补酸感，做冷食很高效，更适合做结构替代测试。', '风味方向固定，热应用场景有限，风味表现会有轻微偏移。', '蛋黄酱是冷食里很强的质地修复器，尤其适合补浓滑和酸感。 该版本用于扩展样本库，保持核心定位并加入小幅结构变化。'),
('olive-oil-x73', '橄榄油扩展款73', 'Olive Oil Variant 73', '酱料调味', 'https://placehold.co/200x200/F6EFE3/243127?text=Olive+Oil', '紧实', 10, 0, 0, 1, 0, 3, '沙拉、烤菜、意面和蘸面包（扩展款73）', '补油脂效率高，适合把轻食拉得更润，更适合做结构替代测试。', '单独使用时风味层次有限，风味表现会有轻微偏移。', '橄榄油更像油脂度补偿工具，适合给原本偏干的替代品加回顺滑感。 该版本用于扩展样本库，保持核心定位并加入小幅结构变化。'),
('peanut-butter-x74', '花生酱扩展款74', 'Peanut Butter Variant 74', '酱料调味', 'https://placehold.co/200x200/F6EFE3/243127?text=Peanut+Butter', '弹嫩', 7, 4, 1, 2, 2, 9, '吐司、能量杯、东南亚风味酱汁和曲奇（扩展款74）', '香气和厚度都强，少量即可显著提升满足感，更适合做结构替代测试。', '花生风味太明显，不适合中性替代，风味表现会有轻微偏移。', '花生酱擅长做高存在感替代，特别适合厚重、香气型场景。 该版本用于扩展样本库，保持核心定位并加入小幅结构变化。'),
('salmon-x75', '三文鱼扩展款75', 'Salmon Variant 75', '海鲜蛋白', 'https://img.icons8.com/stickers/200/000000/salmon-sushi.png', '柔嫩', 10, 6, 3, 2, 3, 4, '寿司碗、轻食沙拉、拌饭和吐司（扩展款75）', '口感高级、油脂饱满、鲜味稳定，更适合做结构替代测试。', '价格高、保鲜要求高，风味表现会有轻微偏移。', '适合提供顺滑油脂感和明显鲜味，是冷食里非常强势的主角食材。 该版本用于扩展样本库，保持核心定位并加入小幅结构变化。'),
('avocado-x76', '牛油果扩展款76', 'Avocado Variant 76', '果脂类', 'https://img.icons8.com/stickers/200/000000/avocado.png', '浓滑', 8, 7, 1, 1, 6, 4, '寿司碗、开放三明治、沙拉和酱泥（扩展款76）', '容易买到，能补足丝滑感和油脂感，更适合做结构替代测试。', '海鲜鲜味弱，整体更偏植物清香，风味表现会有轻微偏移。', '很适合承担丝滑和丰润感，但无法完整复刻海产的咸鲜气质。 该版本用于扩展样本库，保持核心定位并加入小幅结构变化。'),
('egg-x77', '鸡蛋扩展款77', 'Egg Variant 77', '日常蛋白', 'https://img.icons8.com/stickers/200/000000/egg.png', '脆爽', 5, 5, 2, 1, 4, 5, '早餐碗、三明治、盖饭和简易沙拉（扩展款77）', '便宜、常见、烹饪门槛低，更适合做结构替代测试。', '风味更温和，视觉冲击力不如生鲜蛋白，风味表现会有轻微偏移。', '鸡蛋在居家替代里非常实用，能提供柔软口感和一定鲜味，但风格更家常。 该版本用于扩展样本库，保持核心定位并加入小幅结构变化。'),
('tofu-x78', '豆腐扩展款78', 'Tofu Variant 78', '植物蛋白', 'https://img.icons8.com/stickers/200/000000/tofu.png', '丝滑', 3, 5, 0, 2, 7, 1, '拌饭、味噌汤、清淡炒菜和轻食碗（扩展款78）', '低脂、健康、价格友好，适合大多数家庭常备，更适合做结构替代测试。', '油脂感不足，需要额外调味或酱汁辅助，风味表现会有轻微偏移。', '豆腐很擅长接住清淡和软嫩的部分，但不适合直接替代高油脂食材的满足感。 该版本用于扩展样本库，保持核心定位并加入小幅结构变化。'),
('milk-x79', '牛奶扩展款79', 'Milk Variant 79', '乳制品', 'https://img.icons8.com/stickers/200/000000/milk-bottle.png', '绵密', 4, 5, 3, 2, 9, 5, '拿铁、燕麦杯、奶油汤和基础烘焙（扩展款79）', '适配范围广，是许多饮品和甜品的基础液体，更适合做结构替代测试。', '乳糖不耐受人群不友好，风味表现会有轻微偏移。', '牛奶偏中性、顺滑，适合作为液体基底。很多替代品都是在模仿它的顺口和乳感。 该版本用于扩展样本库，保持核心定位并加入小幅结构变化。'),
('yogurt-x80', '酸奶扩展款80', 'Yogurt Variant 80', '乳制品', 'https://img.icons8.com/stickers/200/000000/yogurt.png', '软嫩', 7, 0, 9, 4, 4, 2, '冷饮、酱汁、隔夜燕麦和轻甜点（扩展款80）', '浓稠度强，发酵感能让风味更立体，更适合做结构替代测试。', '酸度高，不适合所有咖啡和甜点场景，风味表现会有轻微偏移。', '酸奶比牛奶更有个性，适合替代质地，但会明显改变风味走向。 该版本用于扩展样本库，保持核心定位并加入小幅结构变化。'),
('chicken-breast-x81', '鸡胸肉扩展款81', 'Chicken Breast Variant 81', '家常蛋白', 'https://img.icons8.com/stickers/200/000000/chicken-breast.png', '紧实', 1, 8, 1, 1, 5, 4, '健身沙拉、热碗饭、卷饼和三明治（扩展款81）', '高蛋白、低脂、好获取，更适合做结构替代测试。', '如果处理不好容易偏柴，顺滑感不强，风味表现会有轻微偏移。', '鸡胸肉胜在实用和稳定，更像是功能型替代，而不是气质完全复刻。 该版本用于扩展样本库，保持核心定位并加入小幅结构变化。'),
('beef-x82', '牛肉扩展款82', 'Beef Variant 82', '红肉蛋白', 'https://img.icons8.com/stickers/200/000000/steak.png', '弹嫩', 6, 8, 2, 1, 2, 8, '能量碗、热拌饭、意面和煎炒主菜（扩展款82）', '鲜味很强，饱腹感和存在感都足，更适合做结构替代测试。', '价格偏高，整体调性更厚重，风味表现会有轻微偏移。', '牛肉在鲜味维度很强，适合作为强风味替代，但会把菜整体拉向更浓郁的方向。 该版本用于扩展样本库，保持核心定位并加入小幅结构变化。'),
('tuna-x83', '金枪鱼扩展款83', 'Tuna Variant 83', '海鲜蛋白', 'https://placehold.co/200x200/F6EFE3/243127?text=Tuna', '柔嫩', 5, 8, 0, 2, 4, 5, '寿司碗、三明治夹馅、沙拉和蛋白碗（扩展款83）', '鲜味强、蛋白高，很多冷食里都好替换，更适合做结构替代测试。', '油脂感不如三文鱼，口感更紧实，风味表现会有轻微偏移。', '金枪鱼更偏干净和利落，适合替代海鲜主角位，但整体风格更清爽。 该版本用于扩展样本库，保持核心定位并加入小幅结构变化。');

INSERT INTO catalog_aliases (food_id, alias) VALUES
('salmon', '大西洋鲑'),
('salmon', 'salmon'),
('avocado', '鳄梨'),
('avocado', 'avocado'),
('egg', '鸡子'),
('egg', 'egg'),
('tofu', '嫩豆腐'),
('tofu', 'tofu'),
('milk', '全脂奶'),
('milk', 'milk'),
('yogurt', '优格'),
('yogurt', 'yogurt'),
('chicken-breast', '鸡胸'),
('chicken-breast', 'chicken breast'),
('beef', '牛排肉'),
('beef', 'beef'),
('tuna', '吞拿鱼'),
('tuna', 'tuna'),
('shrimp', '虾'),
('shrimp', 'shrimp'),
('pork', '里脊'),
('pork', 'pork'),
('tempeh', '印尼天贝'),
('tempeh', 'tempeh'),
('chickpeas', '鸡豆'),
('chickpeas', 'chickpeas'),
('oat-milk', '燕麦饮'),
('oat-milk', 'oat milk'),
('coconut-milk', '椰浆'),
('coconut-milk', 'coconut milk'),
('cream', '稀奶油'),
('cream', 'cream'),
('butter', '奶油块'),
('butter', 'butter'),
('mozzarella', 'mozzarella'),
('mozzarella', '马苏'),
('cream-cheese', 'cream cheese'),
('cream-cheese', '软奶酪'),
('mushroom', '菌菇'),
('mushroom', 'mushroom'),
('tomato', '西红柿'),
('tomato', 'tomato'),
('cucumber', '青瓜'),
('cucumber', 'cucumber'),
('cauliflower', '菜花'),
('cauliflower', 'cauliflower'),
('spinach', '波菜'),
('spinach', 'spinach'),
('zucchini', '夏南瓜'),
('zucchini', 'zucchini'),
('potato', '马铃薯'),
('potato', 'potato'),
('banana', 'banana'),
('banana', '蕉'),
('rice', '白饭'),
('rice', 'rice'),
('pasta', 'pasta'),
('pasta', '面条'),
('bread', '吐司'),
('bread', 'bread'),
('oats', '麦片'),
('oats', 'oats'),
('flour', '小麦粉'),
('flour', 'flour'),
('soy-sauce', '生抽'),
('soy-sauce', 'soy sauce'),
('miso', 'miso'),
('miso', '味增'),
('mayonnaise', '美乃滋'),
('mayonnaise', 'mayonnaise'),
('olive-oil', 'olive oil'),
('olive-oil', '食用橄榄油'),
('peanut-butter', 'peanut butter'),
('peanut-butter', '花生抹酱'),
('salmon-x1', '大西洋鲑'),
('salmon-x1', 'salmon'),
('salmon-x1', '三文鱼1'),
('salmon-x1', 'variant-1'),
('avocado-x2', '鳄梨'),
('avocado-x2', 'avocado'),
('avocado-x2', '牛油果2'),
('avocado-x2', 'variant-2'),
('egg-x3', '鸡子'),
('egg-x3', 'egg'),
('egg-x3', '鸡蛋3'),
('egg-x3', 'variant-3'),
('tofu-x4', '嫩豆腐'),
('tofu-x4', 'tofu'),
('tofu-x4', '豆腐4'),
('tofu-x4', 'variant-4'),
('milk-x5', '全脂奶'),
('milk-x5', 'milk'),
('milk-x5', '牛奶5'),
('milk-x5', 'variant-5'),
('yogurt-x6', '优格'),
('yogurt-x6', 'yogurt'),
('yogurt-x6', '酸奶6'),
('yogurt-x6', 'variant-6'),
('chicken-breast-x7', '鸡胸'),
('chicken-breast-x7', 'chicken breast'),
('chicken-breast-x7', '鸡胸肉7'),
('chicken-breast-x7', 'variant-7'),
('beef-x8', '牛排肉'),
('beef-x8', 'beef'),
('beef-x8', '牛肉8'),
('beef-x8', 'variant-8'),
('tuna-x9', '吞拿鱼'),
('tuna-x9', 'tuna'),
('tuna-x9', '金枪鱼9'),
('tuna-x9', 'variant-9'),
('shrimp-x10', '虾'),
('shrimp-x10', 'shrimp'),
('shrimp-x10', '虾仁10'),
('shrimp-x10', 'variant-10'),
('pork-x11', '里脊'),
('pork-x11', 'pork'),
('pork-x11', '猪肉11'),
('pork-x11', 'variant-11'),
('tempeh-x12', '印尼天贝'),
('tempeh-x12', 'tempeh'),
('tempeh-x12', '天贝12'),
('tempeh-x12', 'variant-12'),
('chickpeas-x13', '鸡豆'),
('chickpeas-x13', 'chickpeas'),
('chickpeas-x13', '鹰嘴豆13'),
('chickpeas-x13', 'variant-13'),
('oat-milk-x14', '燕麦饮'),
('oat-milk-x14', 'oat milk'),
('oat-milk-x14', '燕麦奶14'),
('oat-milk-x14', 'variant-14'),
('coconut-milk-x15', '椰浆'),
('coconut-milk-x15', 'coconut milk'),
('coconut-milk-x15', '椰奶15'),
('coconut-milk-x15', 'variant-15'),
('cream-x16', '稀奶油'),
('cream-x16', 'cream'),
('cream-x16', '淡奶油16'),
('cream-x16', 'variant-16'),
('butter-x17', '奶油块'),
('butter-x17', 'butter'),
('butter-x17', '黄油17'),
('butter-x17', 'variant-17'),
('mozzarella-x18', 'mozzarella'),
('mozzarella-x18', '马苏'),
('mozzarella-x18', '马苏里拉18'),
('mozzarella-x18', 'variant-18'),
('cream-cheese-x19', 'cream cheese'),
('cream-cheese-x19', '软奶酪'),
('cream-cheese-x19', '奶油奶酪19'),
('cream-cheese-x19', 'variant-19'),
('mushroom-x20', '菌菇'),
('mushroom-x20', 'mushroom'),
('mushroom-x20', '蘑菇20'),
('mushroom-x20', 'variant-20'),
('tomato-x21', '西红柿'),
('tomato-x21', 'tomato'),
('tomato-x21', '番茄21'),
('tomato-x21', 'variant-21'),
('cucumber-x22', '青瓜'),
('cucumber-x22', 'cucumber'),
('cucumber-x22', '黄瓜22'),
('cucumber-x22', 'variant-22'),
('cauliflower-x23', '菜花'),
('cauliflower-x23', 'cauliflower'),
('cauliflower-x23', '花椰菜23'),
('cauliflower-x23', 'variant-23'),
('spinach-x24', '波菜'),
('spinach-x24', 'spinach'),
('spinach-x24', '菠菜24'),
('spinach-x24', 'variant-24'),
('zucchini-x25', '夏南瓜'),
('zucchini-x25', 'zucchini'),
('zucchini-x25', '西葫芦25'),
('zucchini-x25', 'variant-25'),
('potato-x26', '马铃薯'),
('potato-x26', 'potato'),
('potato-x26', '土豆26'),
('potato-x26', 'variant-26'),
('banana-x27', 'banana'),
('banana-x27', '蕉'),
('banana-x27', '香蕉27'),
('banana-x27', 'variant-27'),
('rice-x28', '白饭'),
('rice-x28', 'rice'),
('rice-x28', '米饭28'),
('rice-x28', 'variant-28'),
('pasta-x29', 'pasta'),
('pasta-x29', '面条'),
('pasta-x29', '意面29'),
('pasta-x29', 'variant-29'),
('bread-x30', '吐司'),
('bread-x30', 'bread'),
('bread-x30', '面包30'),
('bread-x30', 'variant-30'),
('oats-x31', '麦片'),
('oats-x31', 'oats'),
('oats-x31', '燕麦31'),
('oats-x31', 'variant-31'),
('flour-x32', '小麦粉'),
('flour-x32', 'flour'),
('flour-x32', '面粉32'),
('flour-x32', 'variant-32'),
('soy-sauce-x33', '生抽'),
('soy-sauce-x33', 'soy sauce'),
('soy-sauce-x33', '酱油33'),
('soy-sauce-x33', 'variant-33'),
('miso-x34', 'miso'),
('miso-x34', '味增'),
('miso-x34', '味噌34'),
('miso-x34', 'variant-34'),
('mayonnaise-x35', '美乃滋'),
('mayonnaise-x35', 'mayonnaise'),
('mayonnaise-x35', '蛋黄酱35'),
('mayonnaise-x35', 'variant-35'),
('olive-oil-x36', 'olive oil'),
('olive-oil-x36', '食用橄榄油'),
('olive-oil-x36', '橄榄油36'),
('olive-oil-x36', 'variant-36'),
('peanut-butter-x37', 'peanut butter'),
('peanut-butter-x37', '花生抹酱'),
('peanut-butter-x37', '花生酱37'),
('peanut-butter-x37', 'variant-37'),
('salmon-x38', '大西洋鲑'),
('salmon-x38', 'salmon'),
('salmon-x38', '三文鱼38'),
('salmon-x38', 'variant-38'),
('avocado-x39', '鳄梨'),
('avocado-x39', 'avocado'),
('avocado-x39', '牛油果39'),
('avocado-x39', 'variant-39'),
('egg-x40', '鸡子'),
('egg-x40', 'egg'),
('egg-x40', '鸡蛋40'),
('egg-x40', 'variant-40'),
('tofu-x41', '嫩豆腐'),
('tofu-x41', 'tofu'),
('tofu-x41', '豆腐41'),
('tofu-x41', 'variant-41'),
('milk-x42', '全脂奶'),
('milk-x42', 'milk'),
('milk-x42', '牛奶42'),
('milk-x42', 'variant-42'),
('yogurt-x43', '优格'),
('yogurt-x43', 'yogurt'),
('yogurt-x43', '酸奶43'),
('yogurt-x43', 'variant-43'),
('chicken-breast-x44', '鸡胸'),
('chicken-breast-x44', 'chicken breast'),
('chicken-breast-x44', '鸡胸肉44'),
('chicken-breast-x44', 'variant-44'),
('beef-x45', '牛排肉'),
('beef-x45', 'beef'),
('beef-x45', '牛肉45'),
('beef-x45', 'variant-45'),
('tuna-x46', '吞拿鱼'),
('tuna-x46', 'tuna'),
('tuna-x46', '金枪鱼46'),
('tuna-x46', 'variant-46'),
('shrimp-x47', '虾'),
('shrimp-x47', 'shrimp'),
('shrimp-x47', '虾仁47'),
('shrimp-x47', 'variant-47'),
('pork-x48', '里脊'),
('pork-x48', 'pork'),
('pork-x48', '猪肉48'),
('pork-x48', 'variant-48'),
('tempeh-x49', '印尼天贝'),
('tempeh-x49', 'tempeh'),
('tempeh-x49', '天贝49'),
('tempeh-x49', 'variant-49'),
('chickpeas-x50', '鸡豆'),
('chickpeas-x50', 'chickpeas'),
('chickpeas-x50', '鹰嘴豆50'),
('chickpeas-x50', 'variant-50'),
('oat-milk-x51', '燕麦饮'),
('oat-milk-x51', 'oat milk'),
('oat-milk-x51', '燕麦奶51'),
('oat-milk-x51', 'variant-51'),
('coconut-milk-x52', '椰浆'),
('coconut-milk-x52', 'coconut milk'),
('coconut-milk-x52', '椰奶52'),
('coconut-milk-x52', 'variant-52'),
('cream-x53', '稀奶油'),
('cream-x53', 'cream'),
('cream-x53', '淡奶油53'),
('cream-x53', 'variant-53'),
('butter-x54', '奶油块'),
('butter-x54', 'butter'),
('butter-x54', '黄油54'),
('butter-x54', 'variant-54'),
('mozzarella-x55', 'mozzarella'),
('mozzarella-x55', '马苏'),
('mozzarella-x55', '马苏里拉55'),
('mozzarella-x55', 'variant-55'),
('cream-cheese-x56', 'cream cheese'),
('cream-cheese-x56', '软奶酪'),
('cream-cheese-x56', '奶油奶酪56'),
('cream-cheese-x56', 'variant-56'),
('mushroom-x57', '菌菇'),
('mushroom-x57', 'mushroom'),
('mushroom-x57', '蘑菇57'),
('mushroom-x57', 'variant-57'),
('tomato-x58', '西红柿'),
('tomato-x58', 'tomato'),
('tomato-x58', '番茄58'),
('tomato-x58', 'variant-58'),
('cucumber-x59', '青瓜'),
('cucumber-x59', 'cucumber'),
('cucumber-x59', '黄瓜59'),
('cucumber-x59', 'variant-59'),
('cauliflower-x60', '菜花'),
('cauliflower-x60', 'cauliflower'),
('cauliflower-x60', '花椰菜60'),
('cauliflower-x60', 'variant-60'),
('spinach-x61', '波菜'),
('spinach-x61', 'spinach'),
('spinach-x61', '菠菜61'),
('spinach-x61', 'variant-61'),
('zucchini-x62', '夏南瓜'),
('zucchini-x62', 'zucchini'),
('zucchini-x62', '西葫芦62'),
('zucchini-x62', 'variant-62'),
('potato-x63', '马铃薯'),
('potato-x63', 'potato'),
('potato-x63', '土豆63'),
('potato-x63', 'variant-63'),
('banana-x64', 'banana'),
('banana-x64', '蕉'),
('banana-x64', '香蕉64'),
('banana-x64', 'variant-64'),
('rice-x65', '白饭'),
('rice-x65', 'rice'),
('rice-x65', '米饭65'),
('rice-x65', 'variant-65'),
('pasta-x66', 'pasta'),
('pasta-x66', '面条'),
('pasta-x66', '意面66'),
('pasta-x66', 'variant-66'),
('bread-x67', '吐司'),
('bread-x67', 'bread'),
('bread-x67', '面包67'),
('bread-x67', 'variant-67'),
('oats-x68', '麦片'),
('oats-x68', 'oats'),
('oats-x68', '燕麦68'),
('oats-x68', 'variant-68'),
('flour-x69', '小麦粉'),
('flour-x69', 'flour'),
('flour-x69', '面粉69'),
('flour-x69', 'variant-69'),
('soy-sauce-x70', '生抽'),
('soy-sauce-x70', 'soy sauce'),
('soy-sauce-x70', '酱油70'),
('soy-sauce-x70', 'variant-70'),
('miso-x71', 'miso'),
('miso-x71', '味增'),
('miso-x71', '味噌71'),
('miso-x71', 'variant-71'),
('mayonnaise-x72', '美乃滋'),
('mayonnaise-x72', 'mayonnaise'),
('mayonnaise-x72', '蛋黄酱72'),
('mayonnaise-x72', 'variant-72'),
('olive-oil-x73', 'olive oil'),
('olive-oil-x73', '食用橄榄油'),
('olive-oil-x73', '橄榄油73'),
('olive-oil-x73', 'variant-73'),
('peanut-butter-x74', 'peanut butter'),
('peanut-butter-x74', '花生抹酱'),
('peanut-butter-x74', '花生酱74'),
('peanut-butter-x74', 'variant-74'),
('salmon-x75', '大西洋鲑'),
('salmon-x75', 'salmon'),
('salmon-x75', '三文鱼75'),
('salmon-x75', 'variant-75'),
('avocado-x76', '鳄梨'),
('avocado-x76', 'avocado'),
('avocado-x76', '牛油果76'),
('avocado-x76', 'variant-76'),
('egg-x77', '鸡子'),
('egg-x77', 'egg'),
('egg-x77', '鸡蛋77'),
('egg-x77', 'variant-77'),
('tofu-x78', '嫩豆腐'),
('tofu-x78', 'tofu'),
('tofu-x78', '豆腐78'),
('tofu-x78', 'variant-78'),
('milk-x79', '全脂奶'),
('milk-x79', 'milk'),
('milk-x79', '牛奶79'),
('milk-x79', 'variant-79'),
('yogurt-x80', '优格'),
('yogurt-x80', 'yogurt'),
('yogurt-x80', '酸奶80'),
('yogurt-x80', 'variant-80'),
('chicken-breast-x81', '鸡胸'),
('chicken-breast-x81', 'chicken breast'),
('chicken-breast-x81', '鸡胸肉81'),
('chicken-breast-x81', 'variant-81'),
('beef-x82', '牛排肉'),
('beef-x82', 'beef'),
('beef-x82', '牛肉82'),
('beef-x82', 'variant-82'),
('tuna-x83', '吞拿鱼'),
('tuna-x83', 'tuna'),
('tuna-x83', '金枪鱼83'),
('tuna-x83', 'variant-83');

INSERT INTO catalog_cook_methods (food_id, method) VALUES
('salmon', '生食'),
('salmon', '炙烤'),
('salmon', '拌饭'),
('avocado', '冷拌'),
('avocado', '捣泥'),
('avocado', '铺面'),
('egg', '水煮'),
('egg', '煎制'),
('egg', '炒制'),
('tofu', '凉拌'),
('tofu', '炖煮'),
('tofu', '轻煎'),
('milk', '冷饮'),
('milk', '加热'),
('milk', '打奶泡'),
('yogurt', '冷拌'),
('yogurt', '杯装甜品'),
('yogurt', '调酱'),
('chicken-breast', '水煮'),
('chicken-breast', '煎制'),
('chicken-breast', '焗烤'),
('beef', '煎制'),
('beef', '炖煮'),
('beef', '热拌'),
('tuna', '生食'),
('tuna', '炙烤'),
('tuna', '拌饭'),
('shrimp', '水煮'),
('shrimp', '快炒'),
('shrimp', '拌饭'),
('pork', '煎制'),
('pork', '快炒'),
('pork', '炖煮'),
('tempeh', '煎制'),
('tempeh', '焗烤'),
('tempeh', '拌饭'),
('chickpeas', '炖煮'),
('chickpeas', '烘烤'),
('chickpeas', '捣泥'),
('oat-milk', '冷饮'),
('oat-milk', '加热'),
('oat-milk', '打奶泡'),
('coconut-milk', '炖煮'),
('coconut-milk', '调饮'),
('coconut-milk', '烘焙'),
('cream', '打发'),
('cream', '炖煮'),
('cream', '烘焙'),
('butter', '烘焙'),
('butter', '煎制'),
('butter', '抹面'),
('mozzarella', '焗烤'),
('mozzarella', '冷拌'),
('mozzarella', '夹馅'),
('cream-cheese', '抹面'),
('cream-cheese', '烘焙'),
('cream-cheese', '调酱'),
('mushroom', '煎制'),
('mushroom', '炖煮'),
('mushroom', '快炒'),
('tomato', '凉拌'),
('tomato', '炖煮'),
('tomato', '烘烤'),
('cucumber', '生食'),
('cucumber', '凉拌'),
('cucumber', '夹馅'),
('cauliflower', '烘烤'),
('cauliflower', '快炒'),
('cauliflower', '打碎'),
('spinach', '快炒'),
('spinach', '汆烫'),
('spinach', '拌面'),
('zucchini', '煎制'),
('zucchini', '烘烤'),
('zucchini', '拌面'),
('potato', '烘烤'),
('potato', '水煮'),
('potato', '压泥'),
('banana', '打泥'),
('banana', '烘焙'),
('banana', '调饮'),
('rice', '蒸煮'),
('rice', '拌饭'),
('rice', '焗饭'),
('pasta', '水煮'),
('pasta', '拌酱'),
('pasta', '焗烤'),
('bread', '夹馅'),
('bread', '烘烤'),
('bread', '抹酱'),
('oats', '熬煮'),
('oats', '冷泡'),
('oats', '烘焙'),
('flour', '烘焙'),
('flour', '裹粉'),
('flour', '勾芡'),
('soy-sauce', '蘸食'),
('soy-sauce', '炖煮'),
('soy-sauce', '拌饭'),
('miso', '煮汤'),
('miso', '腌制'),
('miso', '调酱'),
('mayonnaise', '抹酱'),
('mayonnaise', '拌沙拉'),
('mayonnaise', '调味'),
('olive-oil', '凉拌'),
('olive-oil', '煎制'),
('olive-oil', '收尾'),
('peanut-butter', '抹面'),
('peanut-butter', '调酱'),
('peanut-butter', '烘焙'),
('salmon-x1', '生食'),
('salmon-x1', '炙烤'),
('salmon-x1', '拌饭'),
('salmon-x1', '炖煮'),
('avocado-x2', '冷拌'),
('avocado-x2', '捣泥'),
('avocado-x2', '铺面'),
('avocado-x2', '凉拌'),
('egg-x3', '水煮'),
('egg-x3', '煎制'),
('egg-x3', '炒制'),
('egg-x3', '焗烤'),
('tofu-x4', '凉拌'),
('tofu-x4', '炖煮'),
('tofu-x4', '轻煎'),
('tofu-x4', '快炒'),
('milk-x5', '冷饮'),
('milk-x5', '加热'),
('milk-x5', '打奶泡'),
('milk-x5', '拌饭'),
('yogurt-x6', '冷拌'),
('yogurt-x6', '杯装甜品'),
('yogurt-x6', '调酱'),
('yogurt-x6', '夹馅'),
('chicken-breast-x7', '水煮'),
('chicken-breast-x7', '煎制'),
('chicken-breast-x7', '焗烤'),
('chicken-breast-x7', '调酱'),
('beef-x8', '煎制'),
('beef-x8', '炖煮'),
('beef-x8', '热拌'),
('tuna-x9', '生食'),
('tuna-x9', '炙烤'),
('tuna-x9', '拌饭'),
('tuna-x9', '炖煮'),
('shrimp-x10', '水煮'),
('shrimp-x10', '快炒'),
('shrimp-x10', '拌饭'),
('shrimp-x10', '凉拌'),
('pork-x11', '煎制'),
('pork-x11', '快炒'),
('pork-x11', '炖煮'),
('pork-x11', '焗烤'),
('tempeh-x12', '煎制'),
('tempeh-x12', '焗烤'),
('tempeh-x12', '拌饭'),
('tempeh-x12', '快炒'),
('chickpeas-x13', '炖煮'),
('chickpeas-x13', '烘烤'),
('chickpeas-x13', '捣泥'),
('chickpeas-x13', '拌饭'),
('oat-milk-x14', '冷饮'),
('oat-milk-x14', '加热'),
('oat-milk-x14', '打奶泡'),
('oat-milk-x14', '夹馅'),
('coconut-milk-x15', '炖煮'),
('coconut-milk-x15', '调饮'),
('coconut-milk-x15', '烘焙'),
('coconut-milk-x15', '调酱'),
('cream-x16', '打发'),
('cream-x16', '炖煮'),
('cream-x16', '烘焙'),
('cream-x16', '煎制'),
('butter-x17', '烘焙'),
('butter-x17', '煎制'),
('butter-x17', '抹面'),
('butter-x17', '炖煮'),
('mozzarella-x18', '焗烤'),
('mozzarella-x18', '冷拌'),
('mozzarella-x18', '夹馅'),
('mozzarella-x18', '凉拌'),
('cream-cheese-x19', '抹面'),
('cream-cheese-x19', '烘焙'),
('cream-cheese-x19', '调酱'),
('cream-cheese-x19', '焗烤'),
('mushroom-x20', '煎制'),
('mushroom-x20', '炖煮'),
('mushroom-x20', '快炒'),
('tomato-x21', '凉拌'),
('tomato-x21', '炖煮'),
('tomato-x21', '烘烤'),
('tomato-x21', '拌饭'),
('cucumber-x22', '生食'),
('cucumber-x22', '凉拌'),
('cucumber-x22', '夹馅'),
('cauliflower-x23', '烘烤'),
('cauliflower-x23', '快炒'),
('cauliflower-x23', '打碎'),
('cauliflower-x23', '调酱'),
('spinach-x24', '快炒'),
('spinach-x24', '汆烫'),
('spinach-x24', '拌面'),
('spinach-x24', '煎制'),
('zucchini-x25', '煎制'),
('zucchini-x25', '烘烤'),
('zucchini-x25', '拌面'),
('zucchini-x25', '炖煮'),
('potato-x26', '烘烤'),
('potato-x26', '水煮'),
('potato-x26', '压泥'),
('potato-x26', '凉拌'),
('banana-x27', '打泥'),
('banana-x27', '烘焙'),
('banana-x27', '调饮'),
('banana-x27', '焗烤'),
('rice-x28', '蒸煮'),
('rice-x28', '拌饭'),
('rice-x28', '焗饭'),
('rice-x28', '快炒'),
('pasta-x29', '水煮'),
('pasta-x29', '拌酱'),
('pasta-x29', '焗烤'),
('pasta-x29', '拌饭'),
('bread-x30', '夹馅'),
('bread-x30', '烘烤'),
('bread-x30', '抹酱'),
('oats-x31', '熬煮'),
('oats-x31', '冷泡'),
('oats-x31', '烘焙'),
('oats-x31', '调酱'),
('flour-x32', '烘焙'),
('flour-x32', '裹粉'),
('flour-x32', '勾芡'),
('flour-x32', '煎制'),
('soy-sauce-x33', '蘸食'),
('soy-sauce-x33', '炖煮'),
('soy-sauce-x33', '拌饭'),
('miso-x34', '煮汤'),
('miso-x34', '腌制'),
('miso-x34', '调酱'),
('miso-x34', '凉拌'),
('mayonnaise-x35', '抹酱'),
('mayonnaise-x35', '拌沙拉'),
('mayonnaise-x35', '调味'),
('mayonnaise-x35', '焗烤'),
('olive-oil-x36', '凉拌'),
('olive-oil-x36', '煎制'),
('olive-oil-x36', '收尾'),
('olive-oil-x36', '快炒'),
('peanut-butter-x37', '抹面'),
('peanut-butter-x37', '调酱'),
('peanut-butter-x37', '烘焙'),
('peanut-butter-x37', '拌饭'),
('salmon-x38', '生食'),
('salmon-x38', '炙烤'),
('salmon-x38', '拌饭'),
('salmon-x38', '夹馅'),
('avocado-x39', '冷拌'),
('avocado-x39', '捣泥'),
('avocado-x39', '铺面'),
('avocado-x39', '调酱'),
('egg-x40', '水煮'),
('egg-x40', '煎制'),
('egg-x40', '炒制'),
('tofu-x41', '凉拌'),
('tofu-x41', '炖煮'),
('tofu-x41', '轻煎'),
('milk-x42', '冷饮'),
('milk-x42', '加热'),
('milk-x42', '打奶泡'),
('milk-x42', '凉拌'),
('yogurt-x43', '冷拌'),
('yogurt-x43', '杯装甜品'),
('yogurt-x43', '调酱'),
('yogurt-x43', '焗烤'),
('chicken-breast-x44', '水煮'),
('chicken-breast-x44', '煎制'),
('chicken-breast-x44', '焗烤'),
('chicken-breast-x44', '快炒'),
('beef-x45', '煎制'),
('beef-x45', '炖煮'),
('beef-x45', '热拌'),
('beef-x45', '拌饭'),
('tuna-x46', '生食'),
('tuna-x46', '炙烤'),
('tuna-x46', '拌饭'),
('tuna-x46', '夹馅'),
('shrimp-x47', '水煮'),
('shrimp-x47', '快炒'),
('shrimp-x47', '拌饭'),
('shrimp-x47', '调酱'),
('pork-x48', '煎制'),
('pork-x48', '快炒'),
('pork-x48', '炖煮'),
('tempeh-x49', '煎制'),
('tempeh-x49', '焗烤'),
('tempeh-x49', '拌饭'),
('tempeh-x49', '炖煮'),
('chickpeas-x50', '炖煮'),
('chickpeas-x50', '烘烤'),
('chickpeas-x50', '捣泥'),
('chickpeas-x50', '凉拌'),
('oat-milk-x51', '冷饮'),
('oat-milk-x51', '加热'),
('oat-milk-x51', '打奶泡'),
('oat-milk-x51', '焗烤'),
('coconut-milk-x52', '炖煮'),
('coconut-milk-x52', '调饮'),
('coconut-milk-x52', '烘焙'),
('coconut-milk-x52', '快炒'),
('cream-x53', '打发'),
('cream-x53', '炖煮'),
('cream-x53', '烘焙'),
('cream-x53', '拌饭'),
('butter-x54', '烘焙'),
('butter-x54', '煎制'),
('butter-x54', '抹面'),
('butter-x54', '夹馅'),
('mozzarella-x55', '焗烤'),
('mozzarella-x55', '冷拌'),
('mozzarella-x55', '夹馅'),
('mozzarella-x55', '调酱'),
('cream-cheese-x56', '抹面'),
('cream-cheese-x56', '烘焙'),
('cream-cheese-x56', '调酱'),
('cream-cheese-x56', '煎制'),
('mushroom-x57', '煎制'),
('mushroom-x57', '炖煮'),
('mushroom-x57', '快炒'),
('tomato-x58', '凉拌'),
('tomato-x58', '炖煮'),
('tomato-x58', '烘烤'),
('cucumber-x59', '生食'),
('cucumber-x59', '凉拌'),
('cucumber-x59', '夹馅'),
('cucumber-x59', '焗烤'),
('cauliflower-x60', '烘烤'),
('cauliflower-x60', '快炒'),
('cauliflower-x60', '打碎'),
('spinach-x61', '快炒'),
('spinach-x61', '汆烫'),
('spinach-x61', '拌面'),
('spinach-x61', '拌饭'),
('zucchini-x62', '煎制'),
('zucchini-x62', '烘烤'),
('zucchini-x62', '拌面'),
('zucchini-x62', '夹馅'),
('potato-x63', '烘烤'),
('potato-x63', '水煮'),
('potato-x63', '压泥'),
('potato-x63', '调酱'),
('banana-x64', '打泥'),
('banana-x64', '烘焙'),
('banana-x64', '调饮'),
('banana-x64', '煎制'),
('rice-x65', '蒸煮'),
('rice-x65', '拌饭'),
('rice-x65', '焗饭'),
('rice-x65', '炖煮'),
('pasta-x66', '水煮'),
('pasta-x66', '拌酱'),
('pasta-x66', '焗烤'),
('pasta-x66', '凉拌'),
('bread-x67', '夹馅'),
('bread-x67', '烘烤'),
('bread-x67', '抹酱'),
('bread-x67', '焗烤'),
('oats-x68', '熬煮'),
('oats-x68', '冷泡'),
('oats-x68', '烘焙'),
('oats-x68', '快炒'),
('flour-x69', '烘焙'),
('flour-x69', '裹粉'),
('flour-x69', '勾芡'),
('flour-x69', '拌饭'),
('soy-sauce-x70', '蘸食'),
('soy-sauce-x70', '炖煮'),
('soy-sauce-x70', '拌饭'),
('soy-sauce-x70', '夹馅'),
('miso-x71', '煮汤'),
('miso-x71', '腌制'),
('miso-x71', '调酱'),
('mayonnaise-x72', '抹酱'),
('mayonnaise-x72', '拌沙拉'),
('mayonnaise-x72', '调味'),
('mayonnaise-x72', '煎制'),
('olive-oil-x73', '凉拌'),
('olive-oil-x73', '煎制'),
('olive-oil-x73', '收尾'),
('olive-oil-x73', '炖煮'),
('peanut-butter-x74', '抹面'),
('peanut-butter-x74', '调酱'),
('peanut-butter-x74', '烘焙'),
('peanut-butter-x74', '凉拌'),
('salmon-x75', '生食'),
('salmon-x75', '炙烤'),
('salmon-x75', '拌饭'),
('salmon-x75', '焗烤'),
('avocado-x76', '冷拌'),
('avocado-x76', '捣泥'),
('avocado-x76', '铺面'),
('avocado-x76', '快炒'),
('egg-x77', '水煮'),
('egg-x77', '煎制'),
('egg-x77', '炒制'),
('egg-x77', '拌饭'),
('tofu-x78', '凉拌'),
('tofu-x78', '炖煮'),
('tofu-x78', '轻煎'),
('tofu-x78', '夹馅'),
('milk-x79', '冷饮'),
('milk-x79', '加热'),
('milk-x79', '打奶泡'),
('milk-x79', '调酱'),
('yogurt-x80', '冷拌'),
('yogurt-x80', '杯装甜品'),
('yogurt-x80', '调酱'),
('yogurt-x80', '煎制'),
('chicken-breast-x81', '水煮'),
('chicken-breast-x81', '煎制'),
('chicken-breast-x81', '焗烤'),
('chicken-breast-x81', '炖煮'),
('beef-x82', '煎制'),
('beef-x82', '炖煮'),
('beef-x82', '热拌'),
('beef-x82', '凉拌'),
('tuna-x83', '生食'),
('tuna-x83', '炙烤'),
('tuna-x83', '拌饭'),
('tuna-x83', '焗烤');

INSERT INTO catalog_dietary_tags (food_id, tag) VALUES
('salmon', 'pescatarian'),
('avocado', 'vegan'),
('egg', 'vegetarian'),
('tofu', 'vegan'),
('milk', 'vegetarian'),
('yogurt', 'vegetarian'),
('tuna', 'pescatarian'),
('shrimp', 'pescatarian'),
('tempeh', 'vegan'),
('chickpeas', 'vegan'),
('oat-milk', 'vegan'),
('coconut-milk', 'vegan'),
('cream', 'vegetarian'),
('butter', 'vegetarian'),
('mozzarella', 'vegetarian'),
('cream-cheese', 'vegetarian'),
('mushroom', 'vegan'),
('tomato', 'vegan'),
('cucumber', 'vegan'),
('cauliflower', 'vegan'),
('spinach', 'vegan'),
('zucchini', 'vegan'),
('potato', 'vegan'),
('banana', 'vegan'),
('rice', 'vegan'),
('pasta', 'vegan'),
('bread', 'vegan'),
('oats', 'vegan'),
('flour', 'vegan'),
('soy-sauce', 'vegan'),
('miso', 'vegan'),
('mayonnaise', 'vegetarian'),
('olive-oil', 'vegan'),
('peanut-butter', 'vegan'),
('salmon-x1', 'pescatarian'),
('avocado-x2', 'vegan'),
('egg-x3', 'vegetarian'),
('tofu-x4', 'vegan'),
('milk-x5', 'vegetarian'),
('yogurt-x6', 'vegetarian'),
('tuna-x9', 'pescatarian'),
('shrimp-x10', 'pescatarian'),
('tempeh-x12', 'vegan'),
('chickpeas-x13', 'vegan'),
('oat-milk-x14', 'vegan'),
('coconut-milk-x15', 'vegan'),
('cream-x16', 'vegetarian'),
('butter-x17', 'vegetarian'),
('mozzarella-x18', 'vegetarian'),
('cream-cheese-x19', 'vegetarian'),
('mushroom-x20', 'vegan'),
('tomato-x21', 'vegan'),
('cucumber-x22', 'vegan'),
('cauliflower-x23', 'vegan'),
('spinach-x24', 'vegan'),
('zucchini-x25', 'vegan'),
('potato-x26', 'vegan'),
('banana-x27', 'vegan'),
('rice-x28', 'vegan'),
('pasta-x29', 'vegan'),
('bread-x30', 'vegan'),
('oats-x31', 'vegan'),
('flour-x32', 'vegan'),
('soy-sauce-x33', 'vegan'),
('miso-x34', 'vegan'),
('mayonnaise-x35', 'vegetarian'),
('olive-oil-x36', 'vegan'),
('peanut-butter-x37', 'vegan'),
('salmon-x38', 'pescatarian'),
('avocado-x39', 'vegan'),
('egg-x40', 'vegetarian'),
('tofu-x41', 'vegan'),
('milk-x42', 'vegetarian'),
('yogurt-x43', 'vegetarian'),
('tuna-x46', 'pescatarian'),
('shrimp-x47', 'pescatarian'),
('tempeh-x49', 'vegan'),
('chickpeas-x50', 'vegan'),
('oat-milk-x51', 'vegan'),
('coconut-milk-x52', 'vegan'),
('cream-x53', 'vegetarian'),
('butter-x54', 'vegetarian'),
('mozzarella-x55', 'vegetarian'),
('cream-cheese-x56', 'vegetarian'),
('mushroom-x57', 'vegan'),
('tomato-x58', 'vegan'),
('cucumber-x59', 'vegan'),
('cauliflower-x60', 'vegan'),
('spinach-x61', 'vegan'),
('zucchini-x62', 'vegan'),
('potato-x63', 'vegan'),
('banana-x64', 'vegan'),
('rice-x65', 'vegan'),
('pasta-x66', 'vegan'),
('bread-x67', 'vegan'),
('oats-x68', 'vegan'),
('flour-x69', 'vegan'),
('soy-sauce-x70', 'vegan'),
('miso-x71', 'vegan'),
('mayonnaise-x72', 'vegetarian'),
('olive-oil-x73', 'vegan'),
('peanut-butter-x74', 'vegan'),
('salmon-x75', 'pescatarian'),
('avocado-x76', 'vegan'),
('egg-x77', 'vegetarian'),
('tofu-x78', 'vegan'),
('milk-x79', 'vegetarian'),
('yogurt-x80', 'vegetarian'),
('tuna-x83', 'pescatarian');

INSERT INTO catalog_allergens (food_id, allergen) VALUES
('salmon', 'fish'),
('egg', 'egg'),
('tofu', 'soy'),
('milk', 'milk'),
('yogurt', 'milk'),
('tuna', 'fish'),
('shrimp', 'shellfish'),
('tempeh', 'soy'),
('oat-milk', 'gluten'),
('cream', 'milk'),
('butter', 'milk'),
('mozzarella', 'milk'),
('cream-cheese', 'milk'),
('pasta', 'gluten'),
('bread', 'gluten'),
('oats', 'gluten'),
('flour', 'gluten'),
('soy-sauce', 'soy'),
('soy-sauce', 'gluten'),
('miso', 'soy'),
('mayonnaise', 'egg'),
('peanut-butter', 'peanut'),
('salmon-x1', 'fish'),
('egg-x3', 'egg'),
('tofu-x4', 'soy'),
('milk-x5', 'milk'),
('yogurt-x6', 'milk'),
('tuna-x9', 'fish'),
('shrimp-x10', 'shellfish'),
('tempeh-x12', 'soy'),
('oat-milk-x14', 'gluten'),
('cream-x16', 'milk'),
('butter-x17', 'milk'),
('mozzarella-x18', 'milk'),
('cream-cheese-x19', 'milk'),
('pasta-x29', 'gluten'),
('bread-x30', 'gluten'),
('oats-x31', 'gluten'),
('flour-x32', 'gluten'),
('soy-sauce-x33', 'soy'),
('soy-sauce-x33', 'gluten'),
('miso-x34', 'soy'),
('mayonnaise-x35', 'egg'),
('peanut-butter-x37', 'peanut'),
('salmon-x38', 'fish'),
('egg-x40', 'egg'),
('tofu-x41', 'soy'),
('milk-x42', 'milk'),
('yogurt-x43', 'milk'),
('tuna-x46', 'fish'),
('shrimp-x47', 'shellfish'),
('tempeh-x49', 'soy'),
('oat-milk-x51', 'gluten'),
('cream-x53', 'milk'),
('butter-x54', 'milk'),
('mozzarella-x55', 'milk'),
('cream-cheese-x56', 'milk'),
('pasta-x66', 'gluten'),
('bread-x67', 'gluten'),
('oats-x68', 'gluten'),
('flour-x69', 'gluten'),
('soy-sauce-x70', 'soy'),
('soy-sauce-x70', 'gluten'),
('miso-x71', 'soy'),
('mayonnaise-x72', 'egg'),
('peanut-butter-x74', 'peanut'),
('salmon-x75', 'fish'),
('egg-x77', 'egg'),
('tofu-x78', 'soy'),
('milk-x79', 'milk'),
('yogurt-x80', 'milk'),
('tuna-x83', 'fish');

INSERT INTO catalog_dimensions (key, label, weight, position) VALUES
('fatty', '油脂感', 1.4, 1),
('umami', '鲜味', 1.6, 2),
('acidity', '酸度', 0.8, 3),
('sweetness', '甜感', 0.5, 4),
('wateriness', '含水量', 0.7, 5),
('aroma', '香气强度', 0.9, 6);

COMMIT;